

  **** Partial wave analysis (DPWAI0) ******************************************


  Kinetic energy = 1.00000E+03 eV

              --------- Spin UP ---------      -------- Spin DOWN --------
      L         Re(phase)      Im(phase)         Re(phase)      Im(phase)
  --------------------------------------------------------------------------
       0      1.10358116E+00  5.02876E-02      0.00000000E+00  0.00000E+00
       1     -1.01265982E+00  5.09044E-02     -7.10780054E-01  5.08937E-02
       2      6.06656182E-02  5.26625E-02      1.35748787E-01  5.25854E-02
       3      1.13932536E+00  5.50320E-02      1.16448910E+00  5.49413E-02
       4     -5.72028194E-01  5.72089E-02     -5.64815519E-01  5.72176E-02
       5     -1.53303051E+00  6.75307E-02     -1.53079419E+00  6.75115E-02
       6      1.10275724E+00  7.10094E-02      1.10378711E+00  7.10211E-02
       7      7.93479449E-01  6.67028E-02      7.94073356E-01  6.67208E-02
       8      5.87796213E-01  6.04237E-02      5.88176111E-01  6.04408E-02
       9      4.45422521E-01  5.39313E-02      4.45679226E-01  5.39465E-02
      10      3.44288155E-01  4.77442E-02      3.44468102E-01  4.77574E-02
      11      2.70852846E-01  4.20986E-02      2.70982699E-01  4.21101E-02
      12      2.16429862E-01  3.71013E-02      2.16525897E-01  3.71111E-02
      13      1.75331433E-01  3.27354E-02      1.75403978E-01  3.27437E-02
      14      1.43761339E-01  2.89718E-02      1.43817150E-01  2.89790E-02
      15      1.19140478E-01  2.56983E-02      1.19184096E-01  2.57044E-02
      16      9.96833572E-02  2.28572E-02      9.97179109E-02  2.28625E-02
      17      8.41256879E-02  2.03860E-02      8.41533839E-02  2.03906E-02
      18      7.15588646E-02  1.82009E-02      7.15812901E-02  1.82050E-02
      19      6.13163995E-02  1.62843E-02      6.13347213E-02  1.62879E-02
      20      5.29003566E-02  1.45878E-02      5.29154450E-02  1.45910E-02
      21      4.59355991E-02  1.30568E-02      4.59481128E-02  1.30596E-02
      22      4.01342005E-02  1.16946E-02      4.01446468E-02  1.16972E-02
      23      3.52719729E-02  1.04786E-02      3.52807460E-02  1.04809E-02
      24      3.11740481E-02  9.36323E-03      3.11814567E-02  9.36532E-03
      25      2.77022766E-02  8.34950E-03      2.77085660E-02  8.35138E-03
      26      2.47457745E-02  7.44380E-03      2.47511413E-02  7.44550E-03
      27      2.22155788E-02  6.61599E-03      2.22201805E-02  6.61756E-03
      28      2.00401695E-02  5.84434E-03      2.00441335E-02  5.84579E-03
      29      1.81612638E-02  5.14084E-03      1.81646944E-02  5.14214E-03
      30      1.65308947E-02  4.51478E-03      1.65338775E-02  4.51595E-03
      31      1.51097149E-02  3.94955E-03      1.51123201E-02  3.95062E-03
      32      1.38654107E-02  3.42287E-03      1.38676960E-02  3.42387E-03
      33      1.27712822E-02  2.92917E-03      1.27732956E-02  2.93010E-03
      34      1.18050295E-02  2.47726E-03      1.18068111E-02  2.47809E-03
      35      1.09480222E-02  2.07657E-03      1.09496055E-02  2.07730E-03
      36      1.01846351E-02  1.72986E-03      1.01860481E-02  1.73048E-03
      37      9.50180408E-03  1.43439E-03      9.50307042E-03  1.43492E-03
      38      8.88851176E-03  1.18534E-03      8.88965123E-03  1.18579E-03
      39      8.33549631E-03  9.77549E-04      8.33652566E-03  9.77920E-04
      40      7.83488504E-03  8.05806E-04      7.83581847E-03  8.06111E-04
      41      7.38003069E-03  6.64853E-04      7.38088025E-03  6.65104E-04
      42      6.96524351E-03  5.49582E-04      6.96601948E-03  5.49787E-04
      43      6.58570098E-03  4.55338E-04      6.58641215E-03  4.55505E-04
      44      6.23724606E-03  3.78126E-04      6.23789993E-03  3.78264E-04
      45      5.91634092E-03  3.14665E-04      5.91694395E-03  3.14778E-04
      46      5.61991523E-03  2.62323E-04      5.62047300E-03  2.62416E-04
      47      5.34534346E-03  2.19012E-04      5.34586076E-03  2.19090E-04
      48      5.09033348E-03  1.83075E-04      5.09081448E-03  1.83139E-04
      49      4.85291242E-03  1.53185E-04      4.85336075E-03  1.53239E-04
      50      4.63135059E-03  1.28276E-04      4.63176940E-03  1.28320E-04
      51      4.42414529E-03  1.07485E-04      4.42453734E-03  1.07522E-04
      52      4.22997700E-03  9.01100E-05      4.23034471E-03  9.01412E-05
      53      4.04768412E-03  7.55754E-05      4.04802962E-03  7.56015E-05
      54      3.87624905E-03  6.34058E-05      3.87657422E-03  6.34277E-05
      55      3.71475972E-03  5.32084E-05      3.71506624E-03  5.32267E-05
      56      3.56242278E-03  4.46586E-05      3.56271213E-03  4.46740E-05
      57      3.41851058E-03  3.74877E-05      3.41878408E-03  3.75005E-05
      58      3.28239766E-03  3.14722E-05      3.28265650E-03  3.14830E-05
      59      3.15349452E-03  2.64253E-05      3.15373976E-03  2.64344E-05
      60      3.03130214E-03  2.21905E-05      3.03153475E-03  2.21981E-05
      61      2.91533643E-03  1.86360E-05      2.91555727E-03  1.86424E-05
      62      2.80519382E-03  1.56516E-05      2.80540367E-03  1.56569E-05
      63      2.70047251E-03  1.31451E-05      2.70067210E-03  1.31496E-05
      64      2.60084084E-03  1.10394E-05      2.60103082E-03  1.10431E-05
      65      2.50596313E-03  9.27012E-06      2.50614409E-03  9.27330E-06
      66      2.41556153E-03  7.78353E-06      2.41573402E-03  7.78620E-06
      67      2.32935492E-03  6.53445E-06      2.32951945E-03  6.53670E-06
      68      2.24710551E-03  5.48502E-06      2.24726253E-03  5.48690E-06
      69      2.16857822E-03  4.60345E-06      2.16872818E-03  4.60504E-06
      70      2.09356497E-03  3.86300E-06      2.09370825E-03  3.86433E-06
      71      2.02187006E-03  3.24115E-06      2.02200704E-03  3.24226E-06
      72      1.95330763E-03  2.71900E-06      1.95343866E-03  2.71994E-06
      73      1.88771567E-03  2.28065E-06      1.88784105E-03  2.28144E-06
      74      1.82492568E-03  1.91268E-06      1.82504572E-03  1.91334E-06
      75      1.76480371E-03  1.60383E-06      1.76491869E-03  1.60439E-06
      76      1.70719618E-03  1.34469E-06      1.70730636E-03  1.34516E-06
      77      1.65199145E-03  1.12726E-06      1.65209707E-03  1.12765E-06
      78      1.59905026E-03  9.44840E-07      1.59915155E-03  9.45167E-07
      79      1.54827741E-03  7.91839E-07      1.54837459E-03  7.92114E-07
      80      1.49954865E-03  6.63541E-07      1.49964192E-03  6.63771E-07
      81      1.45277960E-03  5.55942E-07      1.45286914E-03  5.56136E-07
      82      1.40786222E-03  4.65719E-07      1.40794822E-03  4.65881E-07
      83      1.36471790E-03  3.90103E-07      1.36480053E-03  3.90239E-07
      84      1.32325604E-03  3.26731E-07      1.32333546E-03  3.26844E-07
      85      1.28339989E-03  2.73601E-07      1.28347624E-03  2.73696E-07
      86      1.24507644E-03  2.29074E-07      1.24514987E-03  2.29154E-07
      87      1.20820887E-03  1.91787E-07      1.20827952E-03  1.91854E-07
      88      1.17274031E-03  1.60555E-07      1.17280830E-03  1.60611E-07
      89      1.13859404E-03  1.34374E-07      1.13865948E-03  1.34421E-07
      90      1.10572618E-03  1.12440E-07      1.10578920E-03  1.12479E-07
      91      1.07406214E-03  9.40899E-08      1.07412285E-03  9.41229E-08
      92      1.04356655E-03  7.87345E-08      1.04362504E-03  7.87620E-08
      93      1.01417047E-03  6.58617E-08      1.01422684E-03  6.58848E-08
      94      9.85841601E-04  5.50712E-08      9.85895949E-04  5.50906E-08
      95      9.58520693E-04  4.60507E-08      9.58573103E-04  4.60669E-08
      96      9.32173615E-04  3.85189E-08      9.32224171E-04  3.85324E-08
      97      9.06753802E-04  3.22114E-08      9.06802583E-04  3.22228E-08
      98      8.82222105E-04  2.69133E-08      8.82269185E-04  2.69228E-08
      99      8.58545710E-04  2.24740E-08      8.58591161E-04  2.24820E-08
     100      8.35679658E-04  1.87761E-08      8.35723549E-04  1.87827E-08
     101      8.13603355E-04  1.56985E-08      8.13645749E-04  1.57040E-08
     102      7.92268229E-04  1.31187E-08      7.92309188E-04  1.31233E-08
     103      7.71661536E-04  1.09411E-08      7.71701120E-04  1.09450E-08
     104      7.51735735E-04  9.10972E-09      7.51773998E-04  9.11300E-09
     105      7.32480037E-04  7.58882E-09      7.32517033E-04  7.59153E-09
     106      7.13853339E-04  6.33609E-09      7.13889119E-04  6.33833E-09
     107      6.95840958E-04  5.29577E-09      6.95875570E-04  5.29765E-09
     108      6.78412924E-04  4.41410E-09      6.78446414E-04  4.41570E-09
     109      6.61546557E-04  3.65724E-09      6.61578969E-04  3.65861E-09
     110      6.45224936E-04  3.01386E-09      6.45256312E-04  3.01501E-09
     111      6.29416964E-04  2.48235E-09      6.29447344E-04  2.48328E-09
     112      6.14116803E-04  2.05548E-09      6.14146226E-04  2.05623E-09
     113      5.99288215E-04  1.71416E-09      5.99316716E-04  1.71477E-09
     114      5.84931225E-04  1.43212E-09      5.84958840E-04  1.43264E-09
     115      5.71010595E-04  1.18551E-09      5.71037358E-04  1.18597E-09
     116      5.57524948E-04  9.60054E-10      5.57550890E-04  9.60477E-10
     117      5.44446906E-04  7.52302E-10      5.44472058E-04  7.52687E-10
     118      5.31767442E-04  5.66050E-10      5.31791833E-04  5.66387E-10
     119      5.19471475E-04  4.07112E-10      5.19495133E-04  4.07392E-10
     120      5.07539480E-04  2.79287E-10      5.07562432E-04  2.79506E-10
     121      4.95969004E-04  1.82662E-10      4.95991275E-04  1.82823E-10
     122      4.84732043E-04  1.13953E-10      4.84753659E-04  1.14065E-10
     123      4.73833964E-04  6.78811E-11      4.73854948E-04  6.79544E-11
     124      4.63244798E-04  3.86638E-11      4.63265171E-04  3.87099E-11
     125      4.52969918E-04  2.10886E-11      4.52989703E-04  2.11158E-11
     126      4.42985377E-04  1.10317E-11      4.43004594E-04  1.10466E-11
     127      4.33288726E-04  5.54233E-12      4.33307396E-04  5.55084E-12
     128      4.23868294E-04  2.67869E-12      4.23886435E-04  2.68289E-12
     129      4.14709873E-04  1.24679E-12      4.14727503E-04  1.24902E-12
     130      4.05814811E-04  0.00000E+00      4.05831949E-04  0.00000E+00
     131      3.97159210E-04  0.00000E+00      3.97175871E-04  0.00000E+00
     132      3.88752437E-04  0.00000E+00      3.88768639E-04  0.00000E+00
     133      3.80568303E-04  0.00000E+00      3.80584060E-04  0.00000E+00
     134      3.72614965E-04  0.00000E+00      3.72630292E-04  0.00000E+00
     135      3.64873279E-04  0.00000E+00      3.64888191E-04  0.00000E+00
     136      3.57341853E-04  0.00000E+00      3.57356363E-04  0.00000E+00
     137      3.50014812E-04  0.00000E+00      3.50028934E-04  0.00000E+00
     138      3.42877770E-04  0.00000E+00      3.42891517E-04  0.00000E+00
     139      3.35937673E-04  0.00000E+00      3.35951056E-04  0.00000E+00
     140      3.29171416E-04  0.00000E+00      3.29184448E-04  0.00000E+00
     141      3.22591307E-04  0.00000E+00      3.22603999E-04  0.00000E+00
     142      3.16174971E-04  0.00000E+00      3.16187333E-04  0.00000E+00
     143      3.09929481E-04  0.00000E+00      3.09941524E-04  0.00000E+00
     144      3.03843143E-04  0.00000E+00      3.03854878E-04  0.00000E+00
     145      2.97910268E-04  0.00000E+00      2.97921703E-04  0.00000E+00
     146      2.92133671E-04  0.00000E+00      2.92144816E-04  0.00000E+00
     147      2.86495030E-04  0.00000E+00      2.86505894E-04  0.00000E+00
     148      2.81007099E-04  0.00000E+00      2.81017691E-04  0.00000E+00
     149      2.75647479E-04  0.00000E+00      2.75657807E-04  0.00000E+00
     150      2.70427843E-04  0.00000E+00      2.70437916E-04  0.00000E+00
     151      2.65333165E-04  0.00000E+00      2.65342989E-04  0.00000E+00
     152      2.60363589E-04  0.00000E+00      2.60373173E-04  0.00000E+00
     153      2.55518910E-04  0.00000E+00      2.55528261E-04  0.00000E+00
     154      2.50784983E-04  0.00000E+00      2.50794107E-04  0.00000E+00
     155      2.46174031E-04  0.00000E+00      2.46182936E-04  0.00000E+00
     156      2.41664573E-04  0.00000E+00      2.41673265E-04  0.00000E+00
     157      2.37270371E-04  0.00000E+00      2.37278856E-04  0.00000E+00
     158      2.32975430E-04  0.00000E+00      2.32983714E-04  0.00000E+00
     159      2.28782978E-04  0.00000E+00      2.28791067E-04  0.00000E+00
     160      2.24691759E-04  0.00000E+00      2.24699659E-04  0.00000E+00
     161      2.20689636E-04  0.00000E+00      2.20697353E-04  0.00000E+00
     162      2.16788901E-04  0.00000E+00      2.16796439E-04  0.00000E+00
     163      2.12968974E-04  0.00000E+00      2.12976339E-04  0.00000E+00
     164      2.09244502E-04  0.00000E+00      2.09251698E-04  0.00000E+00
     165      2.05600164E-04  0.00000E+00      2.05607196E-04  0.00000E+00
     166      2.02039527E-04  0.00000E+00      2.02046400E-04  0.00000E+00
     167      1.98562527E-04  0.00000E+00      1.98569245E-04  0.00000E+00
     168      1.95156789E-04  0.00000E+00      1.95163357E-04  0.00000E+00
     169      1.91835879E-04  0.00000E+00      1.91842300E-04  0.00000E+00
     170      1.88579708E-04  0.00000E+00      1.88585987E-04  0.00000E+00
     171      1.85402677E-04  0.00000E+00      1.85408818E-04  0.00000E+00
     172      1.82291814E-04  0.00000E+00      1.82297820E-04  0.00000E+00
     173      1.79248453E-04  0.00000E+00      1.79254327E-04  0.00000E+00
     174      1.76276059E-04  0.00000E+00      1.76281806E-04  0.00000E+00
     175      1.73360035E-04  0.00000E+00      1.73365659E-04  0.00000E+00
     176      1.70515842E-04  0.00000E+00      1.70521344E-04  0.00000E+00
     177      1.67724160E-04  0.00000E+00      1.67729545E-04  0.00000E+00
     178      1.64997328E-04  0.00000E+00      1.65002599E-04  0.00000E+00
     179      1.62327088E-04  0.00000E+00      1.62332247E-04  0.00000E+00
     180      1.59709938E-04  0.00000E+00      1.59714988E-04  0.00000E+00
     181      1.57154800E-04  0.00000E+00      1.57159745E-04  0.00000E+00
     182      1.54644032E-04  0.00000E+00      1.54648873E-04  0.00000E+00
     183      1.52194100E-04  0.00000E+00      1.52198842E-04  0.00000E+00
     184      1.49788439E-04  0.00000E+00      1.49793083E-04  0.00000E+00
     185      1.47434060E-04  0.00000E+00      1.47438610E-04  0.00000E+00
     186      1.45130140E-04  0.00000E+00      1.45134597E-04  0.00000E+00
     187      1.42866074E-04  0.00000E+00      1.42870441E-04  0.00000E+00
     188      1.40656406E-04  0.00000E+00      1.40660686E-04  0.00000E+00
     189      1.38482109E-04  0.00000E+00      1.38486303E-04  0.00000E+00
     190      1.36357375E-04  0.00000E+00      1.36361486E-04  0.00000E+00
     191      1.34272826E-04  0.00000E+00      1.34276855E-04  0.00000E+00
     192      1.32226678E-04  0.00000E+00      1.32230627E-04  0.00000E+00
     193      1.30227869E-04  0.00000E+00      1.30231741E-04  0.00000E+00
     194      1.28259391E-04  0.00000E+00      1.28263186E-04  0.00000E+00
     195      1.26338171E-04  0.00000E+00      1.26341892E-04  0.00000E+00
     196      1.24449026E-04  0.00000E+00      1.24452674E-04  0.00000E+00
     197      1.22597806E-04  0.00000E+00      1.22601383E-04  0.00000E+00
     198      1.20786686E-04  0.00000E+00      1.20790193E-04  0.00000E+00
     199      1.19003074E-04  0.00000E+00      1.19006512E-04  0.00000E+00
     200      1.17263268E-04  0.00000E+00      1.17266639E-04  0.00000E+00
     201      1.15549297E-04  0.00000E+00      1.15552603E-04  0.00000E+00
     202      1.13872435E-04  0.00000E+00      1.13875678E-04  0.00000E+00
     203      1.12228838E-04  0.00000E+00      1.12232018E-04  0.00000E+00
     204      1.10610956E-04  0.00000E+00      1.10614076E-04  0.00000E+00
     205      1.09032699E-04  0.00000E+00      1.09035759E-04  0.00000E+00
     206      1.07475571E-04  0.00000E+00      1.07478573E-04  0.00000E+00
     207      1.05954098E-04  0.00000E+00      1.05957043E-04  0.00000E+00
     208      1.04459925E-04  0.00000E+00      1.04462814E-04  0.00000E+00
     209      1.02989978E-04  0.00000E+00      1.02992813E-04  0.00000E+00
     210      1.01555347E-04  0.00000E+00      1.01558129E-04  0.00000E+00
     211      1.00138230E-04  0.00000E+00      1.00140960E-04  0.00000E+00
     212      9.87547801E-05  0.00000E+00      9.87574602E-05  0.00000E+00
     213      9.73937051E-05  0.00000E+00      9.73963359E-05  0.00000E+00
     214      9.60552557E-05  0.00000E+00      9.60578383E-05  0.00000E+00
     215      9.47481384E-05  0.00000E+00      9.47506741E-05  0.00000E+00
     216      9.34555730E-05  0.00000E+00      9.34580628E-05  0.00000E+00
     217      9.21943852E-05  0.00000E+00      9.21968302E-05  0.00000E+00
     218      9.09516693E-05  0.00000E+00      9.09540706E-05  0.00000E+00
     219      8.97296988E-05  0.00000E+00      8.97320574E-05  0.00000E+00
     220      8.85356972E-05  0.00000E+00      8.85380142E-05  0.00000E+00
     221      8.73536191E-05  0.00000E+00      8.73558955E-05  0.00000E+00
     222      8.62004973E-05  0.00000E+00      8.62027340E-05  0.00000E+00
     223      8.50628600E-05  0.00000E+00      8.50650580E-05  0.00000E+00
     224      8.39437346E-05  0.00000E+00      8.39458947E-05  0.00000E+00
     225      8.28500024E-05  0.00000E+00      8.28521257E-05  0.00000E+00
     226      8.17658061E-05  0.00000E+00      8.17678935E-05  0.00000E+00
     227      8.07081794E-05  0.00000E+00      8.07102317E-05  0.00000E+00
     228      7.96639501E-05  0.00000E+00      7.96659682E-05  0.00000E+00
     229      7.86355993E-05  0.00000E+00      7.86375839E-05  0.00000E+00
     230      7.76307945E-05  0.00000E+00      7.76327466E-05  0.00000E+00
     231      7.66332701E-05  0.00000E+00      7.66351902E-05  0.00000E+00
     232      7.56598729E-05  0.00000E+00      7.56617620E-05  0.00000E+00
     233      7.46987224E-05  0.00000E+00      7.47005809E-05  0.00000E+00
     234      7.37505423E-05  0.00000E+00      7.37523709E-05  0.00000E+00
     235      7.28249129E-05  0.00000E+00      7.28267123E-05  0.00000E+00
     236      7.19048371E-05  0.00000E+00      7.19066079E-05  0.00000E+00
     237      7.10064986E-05  0.00000E+00      7.10082411E-05  0.00000E+00
     238      7.01204616E-05  0.00000E+00      7.01221764E-05  0.00000E+00
     239      6.92443858E-05  0.00000E+00      6.92460735E-05  0.00000E+00
     240      6.83904959E-05  0.00000E+00      6.83921568E-05  0.00000E+00
     241      6.75411400E-05  0.00000E+00      6.75427746E-05  0.00000E+00
     242      6.67107533E-05  0.00000E+00      6.67123621E-05  0.00000E+00
     243      6.58937300E-05  0.00000E+00      6.58953134E-05  0.00000E+00
     244      6.50834896E-05  0.00000E+00      6.50850481E-05  0.00000E+00
     245      6.42950464E-05  0.00000E+00      6.42965804E-05  0.00000E+00
     246      6.35110039E-05  0.00000E+00      6.35125138E-05  0.00000E+00
     247      6.27423552E-05  0.00000E+00      6.27438415E-05  0.00000E+00
     248      6.19888705E-05  0.00000E+00      6.19903336E-05  0.00000E+00
     249      6.12391326E-05  0.00000E+00      6.12405728E-05  0.00000E+00
     250      6.05101046E-05  0.00000E+00      6.05115223E-05  0.00000E+00
     251      5.97866067E-05  0.00000E+00      5.97880025E-05  0.00000E+00
     252      5.90740292E-05  0.00000E+00      5.90754032E-05  0.00000E+00
     253      5.83786930E-05  0.00000E+00      5.83800458E-05  0.00000E+00
     254      5.76849245E-05  0.00000E+00      5.76862564E-05  0.00000E+00
     255      5.70093868E-05  0.00000E+00      5.70106982E-05  0.00000E+00
     256      5.63420005E-05  0.00000E+00      5.63432918E-05  0.00000E+00
     257      5.56805488E-05  0.00000E+00      5.56818202E-05  0.00000E+00
     258      5.50377999E-05  0.00000E+00      5.50390519E-05  0.00000E+00
     259      5.43962386E-05  0.00000E+00      5.43974715E-05  0.00000E+00
     260      5.37685563E-05  0.00000E+00      5.37697705E-05  0.00000E+00
     261      5.31528066E-05  0.00000E+00      5.31540024E-05  0.00000E+00
     262      5.25385432E-05  0.00000E+00      5.25397209E-05  0.00000E+00
     263      5.19425627E-05  0.00000E+00      5.19437227E-05  0.00000E+00
     264      5.13499553E-05  0.00000E+00      5.13510979E-05  0.00000E+00
     265      5.07652386E-05  0.00000E+00      5.07663641E-05  0.00000E+00
     266      5.01961500E-05  0.00000E+00      5.01972588E-05  0.00000E+00
     267      4.96262783E-05  0.00000E+00      4.96273707E-05  0.00000E+00
     268      4.90712589E-05  0.00000E+00      4.90723352E-05  0.00000E+00
     269      4.85242385E-05  0.00000E+00      4.85252989E-05  0.00000E+00
     270      4.79789522E-05  0.00000E+00      4.79799970E-05  0.00000E+00
     271      4.74507970E-05  0.00000E+00      4.74518267E-05  0.00000E+00
     272      4.69233186E-05  0.00000E+00      4.69243333E-05  0.00000E+00
     273      4.64042485E-05  0.00000E+00      4.64052485E-05  0.00000E+00
     274      4.58984856E-05  0.00000E+00      4.58994712E-05  0.00000E+00
     275      4.53907898E-05  0.00000E+00      4.53917613E-05  0.00000E+00
     276      4.48974985E-05  0.00000E+00      4.48984561E-05  0.00000E+00
     277      4.44101784E-05  0.00000E+00      4.44111224E-05  0.00000E+00
     278      4.39239452E-05  0.00000E+00      4.39248759E-05  0.00000E+00
     279      4.34536879E-05  0.00000E+00      4.34546056E-05  0.00000E+00
     280      4.29828762E-05  0.00000E+00      4.29837810E-05  0.00000E+00
     281      4.25193752E-05  0.00000E+00      4.25202674E-05  0.00000E+00
     282      4.20683070E-05  0.00000E+00      4.20691869E-05  0.00000E+00
     283      4.16142307E-05  0.00000E+00      4.16150984E-05  0.00000E+00
     284      4.11730958E-05  0.00000E+00      4.11739517E-05  0.00000E+00
     285      4.07378443E-05  0.00000E+00      4.07386885E-05  0.00000E+00
     286      4.03018652E-05  0.00000E+00      4.03026980E-05  0.00000E+00
     287      3.98809502E-05  0.00000E+00      3.98817717E-05  0.00000E+00
     288      3.94596410E-05  0.00000E+00      3.94604515E-05  0.00000E+00
     289      3.90429211E-05  0.00000E+00      3.90437209E-05  0.00000E+00
     290      3.86391099E-05  0.00000E+00      3.86398990E-05  0.00000E+00
     291      3.82315526E-05  0.00000E+00      3.82323313E-05  0.00000E+00
     292      3.78341789E-05  0.00000E+00      3.78349473E-05  0.00000E+00
     293      3.74445286E-05  0.00000E+00      3.74452869E-05  0.00000E+00
     294      3.70516741E-05  0.00000E+00      3.70524225E-05  0.00000E+00
     295      3.66724743E-05  0.00000E+00      3.66732130E-05  0.00000E+00
     296      3.62950459E-05  0.00000E+00      3.62957749E-05  0.00000E+00
     297      3.59181036E-05  0.00000E+00      3.59188232E-05  0.00000E+00
     298      3.55550123E-05  0.00000E+00      3.55557225E-05  0.00000E+00
     299      3.51891207E-05  0.00000E+00      3.51898217E-05  0.00000E+00
     300      3.48287982E-05  0.00000E+00      3.48294900E-05  0.00000E+00
     301      3.44794843E-05  0.00000E+00      3.44801673E-05  0.00000E+00
     302      3.41254504E-05  0.00000E+00      3.41261245E-05  0.00000E+00
     303      3.37815807E-05  0.00000E+00      3.37822461E-05  0.00000E+00
     304      3.34440387E-05  0.00000E+00      3.34446955E-05  0.00000E+00
     305      3.31026896E-05  0.00000E+00      3.31033379E-05  0.00000E+00
     306      3.27742654E-05  0.00000E+00      3.27749053E-05  0.00000E+00
     307      3.24471664E-05  0.00000E+00      3.24477981E-05  0.00000E+00
     308      3.21193227E-05  0.00000E+00      3.21199463E-05  0.00000E+00
     309      3.18047951E-05  0.00000E+00      3.18054108E-05  0.00000E+00
     310      3.14875554E-05  0.00000E+00      3.14881632E-05  0.00000E+00
     311      3.11736694E-05  0.00000E+00      3.11742694E-05  0.00000E+00
     312      3.08713252E-05  0.00000E+00      3.08719175E-05  0.00000E+00
     313      3.05639534E-05  0.00000E+00      3.05645381E-05  0.00000E+00
     314      3.02639563E-05  0.00000E+00      3.02645336E-05  0.00000E+00
     315      2.99722394E-05  0.00000E+00      2.99728093E-05  0.00000E+00
     316      2.96750804E-05  0.00000E+00      2.96756431E-05  0.00000E+00
     317      2.93884081E-05  0.00000E+00      2.93889637E-05  0.00000E+00
     318      2.91061091E-05  0.00000E+00      2.91066578E-05  0.00000E+00
     319      2.88195875E-05  0.00000E+00      2.88201292E-05  0.00000E+00
     320      2.85453230E-05  0.00000E+00      2.85458579E-05  0.00000E+00
     321      2.82716380E-05  0.00000E+00      2.82721662E-05  0.00000E+00
     322      2.79960650E-05  0.00000E+00      2.79965866E-05  0.00000E+00
     323      2.77331131E-05  0.00000E+00      2.77336282E-05  0.00000E+00
     324      2.74675974E-05  0.00000E+00      2.74681060E-05  0.00000E+00
     325      2.72030688E-05  0.00000E+00      2.72035711E-05  0.00000E+00
     326      2.69503199E-05  0.00000E+00      2.69508160E-05  0.00000E+00
     327      2.66927905E-05  0.00000E+00      2.66932805E-05  0.00000E+00
     328      2.64391605E-05  0.00000E+00      2.64396444E-05  0.00000E+00
     329      2.61956014E-05  0.00000E+00      2.61960794E-05  0.00000E+00
     330      2.59460223E-05  0.00000E+00      2.59464944E-05  0.00000E+00
     331      2.57029355E-05  0.00000E+00      2.57034019E-05  0.00000E+00
     332      2.54677141E-05  0.00000E+00      2.54681748E-05  0.00000E+00
     333      2.52261012E-05  0.00000E+00      2.52265563E-05  0.00000E+00
     334      2.49930520E-05  0.00000E+00      2.49935016E-05  0.00000E+00
     335      2.47654898E-05  0.00000E+00      2.47659341E-05  0.00000E+00
     336      2.45318364E-05  0.00000E+00      2.45322752E-05  0.00000E+00
     337      2.43082329E-05  0.00000E+00      2.43086665E-05  0.00000E+00
     338      2.40878140E-05  0.00000E+00      2.40882425E-05  0.00000E+00
     339      2.38620548E-05  0.00000E+00      2.38624782E-05  0.00000E+00
     340      2.36472801E-05  0.00000E+00      2.36476985E-05  0.00000E+00
     341      2.34336198E-05  0.00000E+00      2.34340333E-05  0.00000E+00
     342      2.32156109E-05  0.00000E+00      2.32160194E-05  0.00000E+00
     343      2.30090602E-05  0.00000E+00      2.30094640E-05  0.00000E+00
     344      2.28018680E-05  0.00000E+00      2.28022671E-05  0.00000E+00
     345      2.25913908E-05  0.00000E+00      2.25917852E-05  0.00000E+00
     346      2.23925049E-05  0.00000E+00      2.23928948E-05  0.00000E+00
     347      2.21915593E-05  0.00000E+00      2.21919447E-05  0.00000E+00
     348      2.19883347E-05  0.00000E+00      2.19887157E-05  0.00000E+00
     349      2.17966100E-05  0.00000E+00      2.17969866E-05  0.00000E+00
     350      2.16017266E-05  0.00000E+00      2.16020989E-05  0.00000E+00
     351      2.14054241E-05  0.00000E+00      2.14057922E-05  0.00000E+00
     352      2.12204117E-05  0.00000E+00      2.12207758E-05  0.00000E+00
     353      2.10314297E-05  0.00000E+00      2.10317897E-05  0.00000E+00
     354      2.08416906E-05  0.00000E+00      2.08420465E-05  0.00000E+00
     355      2.06630016E-05  0.00000E+00      2.06633536E-05  0.00000E+00
     356      2.04797813E-05  0.00000E+00      2.04801293E-05  0.00000E+00
     357      2.02962353E-05  0.00000E+00      2.02965795E-05  0.00000E+00
     358      2.01235275E-05  0.00000E+00      2.01238680E-05  0.00000E+00
     359      1.99459388E-05  0.00000E+00      1.99462755E-05  0.00000E+00
     360      1.97682063E-05  0.00000E+00      1.97685394E-05  0.00000E+00
     361      1.96011658E-05  0.00000E+00      1.96014953E-05  0.00000E+00
     362      1.94290863E-05  0.00000E+00      1.94294122E-05  0.00000E+00
     363      1.92567915E-05  0.00000E+00      1.92571139E-05  0.00000E+00
     364      1.90951285E-05  0.00000E+00      1.90954475E-05  0.00000E+00
     365      1.89284590E-05  0.00000E+00      1.89287746E-05  0.00000E+00
     366      1.87612528E-05  0.00000E+00      1.87615650E-05  0.00000E+00
     367      1.86047016E-05  0.00000E+00      1.86050106E-05  0.00000E+00
     368      1.84433795E-05  0.00000E+00      1.84436852E-05  0.00000E+00
     369      1.82809539E-05  0.00000E+00      1.82812563E-05  0.00000E+00
     370      1.81292605E-05  0.00000E+00      1.81295598E-05  0.00000E+00
     371      1.79732581E-05  0.00000E+00      1.79735542E-05  0.00000E+00
     372      1.78153511E-05  0.00000E+00      1.78156441E-05  0.00000E+00
     373      1.76682513E-05  0.00000E+00      1.76685412E-05  0.00000E+00
     374      1.75175652E-05  0.00000E+00      1.75178521E-05  0.00000E+00
     375      1.73639645E-05  0.00000E+00      1.73642484E-05  0.00000E+00
     376      1.72211645E-05  0.00000E+00      1.72214454E-05  0.00000E+00
     377      1.70758009E-05  0.00000E+00      1.70760788E-05  0.00000E+00
     378      1.69263545E-05  0.00000E+00      1.69266294E-05  0.00000E+00
     379      1.67875188E-05  0.00000E+00      1.67877909E-05  0.00000E+00
     380      1.66474750E-05  0.00000E+00      1.66477443E-05  0.00000E+00
     381      1.65021074E-05  0.00000E+00      1.65023738E-05  0.00000E+00
     382      1.63668573E-05  0.00000E+00      1.63671210E-05  0.00000E+00
     383      1.62320963E-05  0.00000E+00      1.62323572E-05  0.00000E+00
     384      1.60908269E-05  0.00000E+00      1.60910850E-05  0.00000E+00
     385      1.59587515E-05  0.00000E+00      1.59590069E-05  0.00000E+00
     386      1.58291686E-05  0.00000E+00      1.58294214E-05  0.00000E+00
     387      1.56921248E-05  0.00000E+00      1.56923750E-05  0.00000E+00
     388      1.55628089E-05  0.00000E+00      1.55630564E-05  0.00000E+00
     389      1.54381907E-05  0.00000E+00      1.54384358E-05  0.00000E+00
     390      1.53056091E-05  0.00000E+00      1.53058516E-05  0.00000E+00
     391      1.51786804E-05  0.00000E+00      1.51789203E-05  0.00000E+00
     392      1.50586643E-05  0.00000E+00      1.50589018E-05  0.00000E+00
     393      1.49308681E-05  0.00000E+00      1.49311031E-05  0.00000E+00
     394      1.48060640E-05  0.00000E+00      1.48062965E-05  0.00000E+00
     395      1.46901076E-05  0.00000E+00      1.46903378E-05  0.00000E+00
     396      1.45674530E-05  0.00000E+00      1.45676808E-05  0.00000E+00
     397      1.44447004E-05  0.00000E+00      1.44449258E-05  0.00000E+00
     398      1.43320811E-05  0.00000E+00      1.43323042E-05  0.00000E+00
     399      1.42148636E-05  0.00000E+00      1.42150845E-05  0.00000E+00
     400      1.40943542E-05  0.00000E+00      1.40945728E-05  0.00000E+00
     401      1.39842166E-05  0.00000E+00      1.39844330E-05  0.00000E+00
     402      1.38725452E-05  0.00000E+00      1.38727594E-05  0.00000E+00
     403      1.37547806E-05  0.00000E+00      1.37549926E-05  0.00000E+00
     404      1.36462495E-05  0.00000E+00      1.36464593E-05  0.00000E+00
     405      1.35399059E-05  0.00000E+00      1.35401135E-05  0.00000E+00
     406      1.34256735E-05  0.00000E+00      1.34258791E-05  0.00000E+00
     407      1.33180345E-05  0.00000E+00      1.33182380E-05  0.00000E+00
     408      1.32163622E-05  0.00000E+00      1.32165637E-05  0.00000E+00
     409      1.31066112E-05  0.00000E+00      1.31068105E-05  0.00000E+00
     410      1.29995337E-05  0.00000E+00      1.29997311E-05  0.00000E+00
     411      1.29014157E-05  0.00000E+00      1.29016111E-05  0.00000E+00
     412      1.27970137E-05  0.00000E+00      1.27972071E-05  0.00000E+00
     413      1.26907557E-05  0.00000E+00      1.26909471E-05  0.00000E+00
     414      1.25947438E-05  0.00000E+00      1.25949334E-05  0.00000E+00
     415      1.24961486E-05  0.00000E+00      1.24963363E-05  0.00000E+00
     416      1.23916453E-05  0.00000E+00      1.23918311E-05  0.00000E+00
     417      1.22962753E-05  0.00000E+00      1.22964592E-05  0.00000E+00
     418      1.22032071E-05  0.00000E+00      1.22033893E-05  0.00000E+00
     419      1.21019397E-05  0.00000E+00      1.21021200E-05  0.00000E+00
     420      1.20061970E-05  0.00000E+00      1.20063755E-05  0.00000E+00
     421      1.19174666E-05  0.00000E+00      1.19176434E-05  0.00000E+00
     422      1.18210493E-05  0.00000E+00      1.18212243E-05  0.00000E+00
     423      1.17248489E-05  0.00000E+00      1.17250223E-05  0.00000E+00
     424      1.16385029E-05  0.00000E+00      1.16386746E-05  0.00000E+00
     425      1.15480388E-05  0.00000E+00      1.15482088E-05  0.00000E+00
     426      1.14524855E-05  0.00000E+00      1.14526538E-05  0.00000E+00
     427      1.13663653E-05  0.00000E+00      1.13665320E-05  0.00000E+00
     428      1.12817872E-05  0.00000E+00      1.12819523E-05  0.00000E+00
     429      1.11889709E-05  0.00000E+00      1.11891344E-05  0.00000E+00
     430      1.11015905E-05  0.00000E+00      1.11017524E-05  0.00000E+00
     431      1.10213367E-05  0.00000E+00      1.10214971E-05  0.00000E+00
     432      1.09335459E-05  0.00000E+00      1.09337047E-05  0.00000E+00
     433      1.08449420E-05  0.00000E+00      1.08450993E-05  0.00000E+00
     434      1.07663161E-05  0.00000E+00      1.07664719E-05  0.00000E+00
     435      1.06848636E-05  0.00000E+00      1.06850179E-05  0.00000E+00
     436      1.05968998E-05  0.00000E+00      1.05970526E-05  0.00000E+00
     437      1.05172066E-05  0.00000E+00      1.05173581E-05  0.00000E+00
     438      1.04414251E-05  0.00000E+00      1.04415751E-05  0.00000E+00
     439      1.03571086E-05  0.00000E+00      1.03572572E-05  0.00000E+00
     440      1.02751673E-05  0.00000E+00      1.02753145E-05  0.00000E+00
     441      1.02023078E-05  0.00000E+00      1.02024536E-05  0.00000E+00
     442      1.01241606E-05  0.00000E+00      1.01243051E-05  0.00000E+00
     443      1.00413166E-05  0.00000E+00      1.00414597E-05  0.00000E+00
     444      9.96780144E-06  0.00000E+00      9.96794326E-06  0.00000E+00
     445      9.89606166E-06  0.00000E+00      9.89620218E-06  0.00000E+00
     446      9.81576467E-06  0.00000E+00      9.81590385E-06  0.00000E+00
     447      9.73940366E-06  0.00000E+00      9.73954156E-06  0.00000E+00
     448      9.67134314E-06  0.00000E+00      9.67147982E-06  0.00000E+00
     449      9.59705315E-06  0.00000E+00      9.59718856E-06  0.00000E+00
     450      9.51885446E-06  0.00000E+00      9.51898864E-06  0.00000E+00
     451      9.45017568E-06  0.00000E+00      9.45030863E-06  0.00000E+00
     452      9.38267805E-06  0.00000E+00      9.38280988E-06  0.00000E+00
     453      9.30661233E-06  0.00000E+00      9.30674292E-06  0.00000E+00
     454      9.23450579E-06  0.00000E+00      9.23463517E-06  0.00000E+00
     455      9.17072926E-06  0.00000E+00      9.17085752E-06  0.00000E+00
     456      9.10093198E-06  0.00000E+00      9.10105907E-06  0.00000E+00
     457      9.02665427E-06  0.00000E+00      9.02678019E-06  0.00000E+00
     458      8.96157584E-06  0.00000E+00      8.96170069E-06  0.00000E+00
     459      8.89869465E-06  0.00000E+00      8.89881844E-06  0.00000E+00
     460      8.82708774E-06  0.00000E+00      8.82721036E-06  0.00000E+00
     461      8.75792637E-06  0.00000E+00      8.75804788E-06  0.00000E+00
     462      8.69788028E-06  0.00000E+00      8.69800078E-06  0.00000E+00
     463      8.63332171E-06  0.00000E+00      8.63344112E-06  0.00000E+00
     464      8.56253398E-06  0.00000E+00      8.56265230E-06  0.00000E+00
     465      8.49971223E-06  0.00000E+00      8.49982952E-06  0.00000E+00
     466      8.44160333E-06  0.00000E+00      8.44171958E-06  0.00000E+00
     467      8.37514732E-06  0.00000E+00      8.37526251E-06  0.00000E+00
     468      8.30795028E-06  0.00000E+00      8.30806443E-06  0.00000E+00
     469      8.25053724E-06  0.00000E+00      8.25065044E-06  0.00000E+00
     470      8.19193774E-06  0.00000E+00      8.19204994E-06  0.00000E+00
     471      8.12507942E-06  0.00000E+00      8.12519057E-06  0.00000E+00
     472      8.06305895E-06  0.00000E+00      8.06316913E-06  0.00000E+00
     473      8.00900599E-06  0.00000E+00      8.00911519E-06  0.00000E+00
     474      7.94893504E-06  0.00000E+00      7.94904330E-06  0.00000E+00
     475      7.88369229E-06  0.00000E+00      7.88379953E-06  0.00000E+00
     476      7.82698113E-06  0.00000E+00      7.82708740E-06  0.00000E+00
     477      7.77424971E-06  0.00000E+00      7.77435508E-06  0.00000E+00
     478      7.71301748E-06  0.00000E+00      7.71312191E-06  0.00000E+00
     479      7.65100021E-06  0.00000E+00      7.65110366E-06  0.00000E+00
     480      7.59872062E-06  0.00000E+00      7.59882318E-06  0.00000E+00
     481      7.54594306E-06  0.00000E+00      7.54604468E-06  0.00000E+00
     482      7.48455328E-06  0.00000E+00      7.48465406E-06  0.00000E+00
     483      7.42658154E-06  0.00000E+00      7.42668134E-06  0.00000E+00
     484      7.37747969E-06  0.00000E+00      7.37757864E-06  0.00000E+00
     485      7.32409266E-06  0.00000E+00      7.32419075E-06  0.00000E+00
     486      7.26365627E-06  0.00000E+00      7.26375341E-06  0.00000E+00
     487      7.20981979E-06  0.00000E+00      7.20991607E-06  0.00000E+00
     488      7.16275160E-06  0.00000E+00      7.16284707E-06  0.00000E+00
     489      7.10880514E-06  0.00000E+00      7.10889979E-06  0.00000E+00
     490      7.05017827E-06  0.00000E+00      7.05027200E-06  0.00000E+00
     491      7.00010008E-06  0.00000E+00      7.00019299E-06  0.00000E+00
     492      6.95426760E-06  0.00000E+00      6.95435974E-06  0.00000E+00
     493      6.90013761E-06  0.00000E+00      6.90022888E-06  0.00000E+00
     494      6.84379678E-06  0.00000E+00      6.84388719E-06  0.00000E+00
     495      6.79690855E-06  0.00000E+00      6.79699821E-06  0.00000E+00
     496      6.75189512E-06  0.00000E+00      6.75198400E-06  0.00000E+00
     497      6.69804308E-06  0.00000E+00      6.69813111E-06  0.00000E+00
     498      6.64411507E-06  0.00000E+00      6.64420230E-06  0.00000E+00
     499      6.59985012E-06  0.00000E+00      6.59993663E-06  0.00000E+00
     500      6.55554868E-06  0.00000E+00      6.55563446E-06  0.00000E+00
     501      6.50237926E-06  0.00000E+00      6.50246418E-06  0.00000E+00
     502      6.45073457E-06  0.00000E+00      6.45081871E-06  0.00000E+00
     503      6.40862202E-06  0.00000E+00      6.40870545E-06  0.00000E+00
     504      6.36513492E-06  0.00000E+00      6.36521762E-06  0.00000E+00
     505      6.31294397E-06  0.00000E+00      6.31302594E-06  0.00000E+00
     506      6.26329340E-06  0.00000E+00      6.26337457E-06  0.00000E+00
     507      6.22297469E-06  0.00000E+00      6.22305518E-06  0.00000E+00
     508      6.18052708E-06  0.00000E+00      6.18060690E-06  0.00000E+00
     509      6.12951291E-06  0.00000E+00      6.12959196E-06  0.00000E+00
     510      6.08148082E-06  0.00000E+00      6.08155913E-06  0.00000E+00
     511      6.04267827E-06  0.00000E+00      6.04275595E-06  0.00000E+00
     512      6.00155752E-06  0.00000E+00      6.00163453E-06  0.00000E+00
     513      5.95186706E-06  0.00000E+00      5.95194331E-06  0.00000E+00
     514      5.90504136E-06  0.00000E+00      5.90511694E-06  0.00000E+00
     515      5.86750120E-06  0.00000E+00      5.86757616E-06  0.00000E+00
     516      5.82801463E-06  0.00000E+00      5.82808896E-06  0.00000E+00
     517      5.77980677E-06  0.00000E+00      5.77988041E-06  0.00000E+00
     518      5.73377799E-06  0.00000E+00      5.73385091E-06  0.00000E+00
     519      5.69720356E-06  0.00000E+00      5.69727590E-06  0.00000E+00
     520      5.65963725E-06  0.00000E+00      5.65970895E-06  0.00000E+00
     521      5.61315003E-06  0.00000E+00      5.61322104E-06  0.00000E+00
     522      5.56755956E-06  0.00000E+00      5.56762995E-06  0.00000E+00
     523      5.53154822E-06  0.00000E+00      5.53161796E-06  0.00000E+00
     524      5.49610603E-06  0.00000E+00      5.49617520E-06  0.00000E+00
     525      5.45171086E-06  0.00000E+00      5.45177943E-06  0.00000E+00
     526      5.40632872E-06  0.00000E+00      5.40639661E-06  0.00000E+00
     527      5.37033202E-06  0.00000E+00      5.37039934E-06  0.00000E+00
     528      5.33703878E-06  0.00000E+00      5.33710559E-06  0.00000E+00
     529      5.29525692E-06  0.00000E+00      5.29532309E-06  0.00000E+00
     530      5.25009872E-06  0.00000E+00      5.25016423E-06  0.00000E+00
     531      5.21344029E-06  0.00000E+00      5.21350524E-06  0.00000E+00
     532      5.18200685E-06  0.00000E+00      5.18207135E-06  0.00000E+00
     533      5.14344517E-06  0.00000E+00      5.14350907E-06  0.00000E+00
     534      5.09891638E-06  0.00000E+00      5.09897961E-06  0.00000E+00
     535      5.06091466E-06  0.00000E+00      5.06097738E-06  0.00000E+00
     536      5.03059973E-06  0.00000E+00      5.03066193E-06  0.00000E+00
     537      4.99575835E-06  0.00000E+00      4.99582006E-06  0.00000E+00
     538      4.95276405E-06  0.00000E+00      4.95282515E-06  0.00000E+00
     539      4.91300100E-06  0.00000E+00      4.91306151E-06  0.00000E+00
     540      4.88255942E-06  0.00000E+00      4.88261946E-06  0.00000E+00
     541      4.85148933E-06  0.00000E+00      4.85154887E-06  0.00000E+00
     542      4.81138937E-06  0.00000E+00      4.81144834E-06  0.00000E+00
     543      4.77010963E-06  0.00000E+00      4.77016802E-06  0.00000E+00
     544      4.73797646E-06  0.00000E+00      4.73803437E-06  0.00000E+00
     545      4.70985944E-06  0.00000E+00      4.70991692E-06  0.00000E+00
     546      4.67410776E-06  0.00000E+00      4.67416476E-06  0.00000E+00
     547      4.63259923E-06  0.00000E+00      4.63265567E-06  0.00000E+00
     548      4.59745109E-06  0.00000E+00      4.59750702E-06  0.00000E+00
     549      4.57034269E-06  0.00000E+00      4.57039819E-06  0.00000E+00
     550      4.53972644E-06  0.00000E+00      4.53978145E-06  0.00000E+00
     551      4.50035040E-06  0.00000E+00      4.50040490E-06  0.00000E+00
     552      4.46202104E-06  0.00000E+00      4.46207505E-06  0.00000E+00
     553      4.43315899E-06  0.00000E+00      4.43321255E-06  0.00000E+00
     554      4.40683157E-06  0.00000E+00      4.40688473E-06  0.00000E+00
     555      4.37228245E-06  0.00000E+00      4.37233508E-06  0.00000E+00
     556      4.33261354E-06  0.00000E+00      4.33266568E-06  0.00000E+00
     557      4.29963106E-06  0.00000E+00      4.29968274E-06  0.00000E+00
     558      4.27460289E-06  0.00000E+00      4.27465416E-06  0.00000E+00
     559      4.24626928E-06  0.00000E+00      4.24632012E-06  0.00000E+00
     560      4.20902151E-06  0.00000E+00      4.20907189E-06  0.00000E+00
     561      4.17183354E-06  0.00000E+00      4.17188345E-06  0.00000E+00
     562      4.14389142E-06  0.00000E+00      4.14394095E-06  0.00000E+00
     563      4.12005446E-06  0.00000E+00      4.12010362E-06  0.00000E+00
     564      4.08903224E-06  0.00000E+00      4.08908095E-06  0.00000E+00
     565      4.05108914E-06  0.00000E+00      4.05113737E-06  0.00000E+00
     566      4.01755408E-06  0.00000E+00      4.01760185E-06  0.00000E+00
     567      3.99321225E-06  0.00000E+00      3.99325971E-06  0.00000E+00
     568      3.96898134E-06  0.00000E+00      3.96902846E-06  0.00000E+00
     569      3.93589871E-06  0.00000E+00      3.93594538E-06  0.00000E+00
     570      3.89875333E-06  0.00000E+00      3.89879952E-06  0.00000E+00
     571      3.86874433E-06  0.00000E+00      3.86879009E-06  0.00000E+00
     572      3.84659069E-06  0.00000E+00      3.84663615E-06  0.00000E+00
     573      3.82152658E-06  0.00000E+00      3.82157164E-06  0.00000E+00
     574      3.78738126E-06  0.00000E+00      3.78742591E-06  0.00000E+00
     575      3.75166175E-06  0.00000E+00      3.75170592E-06  0.00000E+00
     576      3.72442531E-06  0.00000E+00      3.72446918E-06  0.00000E+00
     577      3.70357542E-06  0.00000E+00      3.70361892E-06  0.00000E+00
     578      3.67799037E-06  0.00000E+00      3.67803355E-06  0.00000E+00
     579      3.64362787E-06  0.00000E+00      3.64367065E-06  0.00000E+00
     580      3.60926360E-06  0.00000E+00      3.60930593E-06  0.00000E+00
     581      3.58389113E-06  0.00000E+00      3.58393313E-06  0.00000E+00
     582      3.56398684E-06  0.00000E+00      3.56402853E-06  0.00000E+00
     583      3.53856057E-06  0.00000E+00      3.53860190E-06  0.00000E+00
     584      3.50457243E-06  0.00000E+00      3.50461342E-06  0.00000E+00
     585      3.47108973E-06  0.00000E+00      3.47113025E-06  0.00000E+00
     586      3.44667726E-06  0.00000E+00      3.44671744E-06  0.00000E+00
     587      3.42765840E-06  0.00000E+00      3.42769838E-06  0.00000E+00
     588      3.40321926E-06  0.00000E+00      3.40325884E-06  0.00000E+00
     589      3.37009378E-06  0.00000E+00      3.37013296E-06  0.00000E+00
     590      3.33688793E-06  0.00000E+00      3.33692669E-06  0.00000E+00
     591      3.31249155E-06  0.00000E+00      3.31252999E-06  0.00000E+00
     592      3.29428876E-06  0.00000E+00      3.29432692E-06  0.00000E+00
     593      3.27169823E-06  0.00000E+00      3.27173611E-06  0.00000E+00
     594      3.24007516E-06  0.00000E+00      3.24011269E-06  0.00000E+00
     595      3.20668797E-06  0.00000E+00      3.20672511E-06  0.00000E+00
     596      3.18124020E-06  0.00000E+00      3.18127702E-06  0.00000E+00
     597      3.16342480E-06  0.00000E+00      3.16346128E-06  0.00000E+00
     598      3.14340251E-06  0.00000E+00      3.14343877E-06  0.00000E+00
     599      3.11430239E-06  0.00000E+00      3.11433829E-06  0.00000E+00
     600      3.08079910E-06  0.00000E+00      3.08083458E-06  0.00000E+00
     601      3.05319073E-06  0.00000E+00      3.05322590E-06  0.00000E+00
     602      3.03463375E-06  0.00000E+00      3.03466867E-06  0.00000E+00
     603      3.01734221E-06  0.00000E+00      3.01737685E-06  0.00000E+00
     604      2.99215719E-06  0.00000E+00      2.99219151E-06  0.00000E+00
     605      2.95960837E-06  0.00000E+00      2.95964234E-06  0.00000E+00
     606      2.92918282E-06  0.00000E+00      2.92921641E-06  0.00000E+00
     607      2.90796371E-06  0.00000E+00      2.90799703E-06  0.00000E+00
     608      2.89230428E-06  0.00000E+00      2.89233738E-06  0.00000E+00
     609      2.87219935E-06  0.00000E+00      2.87223220E-06  0.00000E+00
     610      2.84295495E-06  0.00000E+00      2.84298743E-06  0.00000E+00
     611      2.81053212E-06  0.00000E+00      2.81056423E-06  0.00000E+00
     612      2.78462984E-06  0.00000E+00      2.78466162E-06  0.00000E+00
     613      2.76766515E-06  0.00000E+00      2.76769673E-06  0.00000E+00
     614      2.75213677E-06  0.00000E+00      2.75216814E-06  0.00000E+00
     615      2.72908121E-06  0.00000E+00      2.72911224E-06  0.00000E+00
     616      2.69797958E-06  0.00000E+00      2.69801028E-06  0.00000E+00
     617      2.66722961E-06  0.00000E+00      2.66725999E-06  0.00000E+00
     618      2.64493346E-06  0.00000E+00      2.64496354E-06  0.00000E+00
     619      2.63018733E-06  0.00000E+00      2.63021721E-06  0.00000E+00
     620      2.61414730E-06  0.00000E+00      2.61417697E-06  0.00000E+00
     621      2.58946237E-06  0.00000E+00      2.58949179E-06  0.00000E+00
     622      2.55795024E-06  0.00000E+00      2.55797925E-06  0.00000E+00
     623      2.52859992E-06  0.00000E+00      2.52862862E-06  0.00000E+00
     624      2.50824507E-06  0.00000E+00      2.50827350E-06  0.00000E+00
     625      2.49463133E-06  0.00000E+00      2.49465955E-06  0.00000E+00
     626      2.47880139E-06  0.00000E+00      2.47882949E-06  0.00000E+00
     627      2.45412634E-06  0.00000E+00      2.45415413E-06  0.00000E+00
     628      2.42283231E-06  0.00000E+00      2.42285971E-06  0.00000E+00
     629      2.39370348E-06  0.00000E+00      2.39373054E-06  0.00000E+00
     630      2.37347288E-06  0.00000E+00      2.37349973E-06  0.00000E+00
     631      2.36038161E-06  0.00000E+00      2.36040832E-06  0.00000E+00
     632      2.34596374E-06  0.00000E+00      2.34599026E-06  0.00000E+00
     633      2.32310336E-06  0.00000E+00      2.32312957E-06  0.00000E+00
     634      2.29264199E-06  0.00000E+00      2.29266789E-06  0.00000E+00
     635      2.26249005E-06  0.00000E+00      2.26251557E-06  0.00000E+00
     636      2.24031095E-06  0.00000E+00      2.24033621E-06  0.00000E+00
     637      2.22660959E-06  0.00000E+00      2.22663472E-06  0.00000E+00
     638      2.21438453E-06  0.00000E+00      2.21440947E-06  0.00000E+00
     639      2.19541734E-06  0.00000E+00      2.19544207E-06  0.00000E+00
     640      2.16746289E-06  0.00000E+00      2.16748733E-06  0.00000E+00
     641      2.13609450E-06  0.00000E+00      2.13611857E-06  0.00000E+00
     642      2.10982642E-06  0.00000E+00      2.10985022E-06  0.00000E+00
     643      2.09288555E-06  0.00000E+00      2.09290916E-06  0.00000E+00
     644      2.08175470E-06  0.00000E+00      2.08177819E-06  0.00000E+00
     645      2.06819297E-06  0.00000E+00      2.06821626E-06  0.00000E+00
     646      2.04601780E-06  0.00000E+00      2.04604082E-06  0.00000E+00
     647      2.01603934E-06  0.00000E+00      2.01606206E-06  0.00000E+00
     648      1.98529773E-06  0.00000E+00      1.98532008E-06  0.00000E+00
     649      1.96143508E-06  0.00000E+00      1.96145719E-06  0.00000E+00
     650      1.94676785E-06  0.00000E+00      1.94678978E-06  0.00000E+00
     651      1.93660923E-06  0.00000E+00      1.93663104E-06  0.00000E+00
     652      1.92292794E-06  0.00000E+00      1.92294959E-06  0.00000E+00
     653      1.90038429E-06  0.00000E+00      1.90040566E-06  0.00000E+00
     654      1.87019895E-06  0.00000E+00      1.87022002E-06  0.00000E+00
     655      1.83914390E-06  0.00000E+00      1.83916465E-06  0.00000E+00
     656      1.81459861E-06  0.00000E+00      1.81461905E-06  0.00000E+00
     657      1.79934085E-06  0.00000E+00      1.79936112E-06  0.00000E+00
     658      1.78970873E-06  0.00000E+00      1.78972889E-06  0.00000E+00
     659      1.77823308E-06  0.00000E+00      1.77825314E-06  0.00000E+00
     660      1.75874695E-06  0.00000E+00      1.75876680E-06  0.00000E+00
     661      1.73044956E-06  0.00000E+00      1.73046909E-06  0.00000E+00
     662      1.69831435E-06  0.00000E+00      1.69833357E-06  0.00000E+00
     663      1.66976211E-06  0.00000E+00      1.66978098E-06  0.00000E+00
     664      1.64990594E-06  0.00000E+00      1.64992458E-06  0.00000E+00
     665      1.63841513E-06  0.00000E+00      1.63843366E-06  0.00000E+00
     666      1.62984087E-06  0.00000E+00      1.62985931E-06  0.00000E+00
     667      1.61701764E-06  0.00000E+00      1.61703597E-06  0.00000E+00
     668      1.59534817E-06  0.00000E+00      1.59536626E-06  0.00000E+00
     669      1.56541618E-06  0.00000E+00      1.56543389E-06  0.00000E+00
     670      1.53252250E-06  0.00000E+00      1.53253986E-06  0.00000E+00
     671      1.50358621E-06  0.00000E+00      1.50360327E-06  0.00000E+00
     672      1.48328512E-06  0.00000E+00      1.48330197E-06  0.00000E+00
     673      1.47158101E-06  0.00000E+00      1.47159772E-06  0.00000E+00
     674      1.46386469E-06  0.00000E+00      1.46388136E-06  0.00000E+00
     675      1.45347914E-06  0.00000E+00      1.45349569E-06  0.00000E+00
     676      1.43517169E-06  0.00000E+00      1.43518805E-06  0.00000E+00
     677      1.40767744E-06  0.00000E+00      1.40769349E-06  0.00000E+00
     678      1.37421918E-06  0.00000E+00      1.37423485E-06  0.00000E+00
     679      1.34082564E-06  0.00000E+00      1.34084094E-06  0.00000E+00
     680      1.31341655E-06  0.00000E+00      1.31343158E-06  0.00000E+00
     681      1.29509027E-06  0.00000E+00      1.29510505E-06  0.00000E+00
     682      1.28482436E-06  0.00000E+00      1.28483908E-06  0.00000E+00
     683      1.27805774E-06  0.00000E+00      1.27807240E-06  0.00000E+00
     684      1.26875622E-06  0.00000E+00      1.26877077E-06  0.00000E+00
     685      1.25197566E-06  0.00000E+00      1.25199006E-06  0.00000E+00
     686      1.22582798E-06  0.00000E+00      1.22584209E-06  0.00000E+00
     687      1.19211219E-06  0.00000E+00      1.19212595E-06  0.00000E+00
     688      1.15547836E-06  0.00000E+00      1.15549166E-06  0.00000E+00
     689      1.12157031E-06  0.00000E+00      1.12158324E-06  0.00000E+00
     690      1.09492737E-06  0.00000E+00      1.09494004E-06  0.00000E+00
     691      1.07742164E-06  0.00000E+00      1.07743413E-06  0.00000E+00
     692      1.06772696E-06  0.00000E+00      1.06773936E-06  0.00000E+00
     693      1.06189798E-06  0.00000E+00      1.06191034E-06  0.00000E+00
     694      1.05475671E-06  0.00000E+00      1.05476900E-06  0.00000E+00
     695      1.04155898E-06  0.00000E+00      1.04157110E-06  0.00000E+00
     696      1.01939569E-06  0.00000E+00      1.01940758E-06  0.00000E+00
     697      9.87938418E-07  0.00000E+00      9.87949975E-07  0.00000E+00
     698      9.49389488E-07  0.00000E+00      9.49400621E-07  0.00000E+00
     699      9.07744625E-07  0.00000E+00      9.07755284E-07  0.00000E+00
     700      8.67652313E-07  0.00000E+00      8.67662515E-07  0.00000E+00
     701      8.33217175E-07  0.00000E+00      8.33226998E-07  0.00000E+00
     702      8.07054971E-07  0.00000E+00      8.07064477E-07  0.00000E+00
     703      7.89791420E-07  0.00000E+00      7.89800755E-07  0.00000E+00
     704      7.80057373E-07  0.00000E+00      7.80066615E-07  0.00000E+00
     705      7.74906903E-07  0.00000E+00      7.74916102E-07  0.00000E+00
     706      7.70503168E-07  0.00000E+00      7.70512329E-07  0.00000E+00
     707      7.62887604E-07  0.00000E+00      7.62896697E-07  0.00000E+00
     708      7.48667560E-07  0.00000E+00      7.48676483E-07  0.00000E+00
     709      7.25506498E-07  0.00000E+00      7.25515231E-07  0.00000E+00
     710      6.92365252E-07  0.00000E+00      6.92373560E-07  0.00000E+00
     711      6.49499691E-07  0.00000E+00      6.49507520E-07  0.00000E+00
     712      5.98264803E-07  0.00000E+00      5.98272065E-07  0.00000E+00
     713      5.40796748E-07  0.00000E+00      5.40803291E-07  0.00000E+00
     714      4.79647974E-07  0.00000E+00      4.79653783E-07  0.00000E+00
     715      4.17440783E-07  0.00000E+00      4.17445849E-07  0.00000E+00
     716      3.56583812E-07  0.00000E+00      3.56588153E-07  0.00000E+00
     717      2.99075509E-07  0.00000E+00      2.99079161E-07  0.00000E+00
     718      2.46398634E-07  0.00000E+00      2.46401639E-07  0.00000E+00
     719      1.99496053E-07  0.00000E+00      1.99498502E-07  0.00000E+00
     720      1.58808916E-07  0.00000E+00      1.58810861E-07  0.00000E+00
     721      1.24355722E-07  0.00000E+00      1.24357253E-07  0.00000E+00
     722      3.71073975E-06  0.00000E+00      9.58327948E-08  0.00000E+00

  WARNING: Possible accumulation of round-off errors.


  *** Scattering amplitudes and differential cross section ***

    Angle      DCS       Asymmetry    Direct amplitude       Spin-flip amplitude     Error
    (deg)   (cm**2/sr)                      (cm)                    (cm)
  -------------------------------------------------------------------------------------------
  0.000E+00 7.38234E-15  0.000E+00 ( 7.380E-08, 4.400E-08) ( 0.000E+00, 0.000E+00)  2.60E-05
  1.000E-04 7.38234E-15 -4.501E-09 ( 7.380E-08, 4.400E-08) ( 2.051E-16,-1.028E-16)  2.60E-05
  1.250E-04 7.38234E-15 -5.626E-09 ( 7.380E-08, 4.400E-08) ( 2.564E-16,-1.285E-16)  2.60E-05
  1.500E-04 7.38234E-15 -6.751E-09 ( 7.380E-08, 4.400E-08) ( 3.077E-16,-1.542E-16)  2.60E-05
  1.750E-04 7.38234E-15 -7.876E-09 ( 7.380E-08, 4.400E-08) ( 3.590E-16,-1.799E-16)  2.60E-05
  2.000E-04 7.38234E-15 -9.001E-09 ( 7.380E-08, 4.400E-08) ( 4.103E-16,-2.056E-16)  2.60E-05
  2.250E-04 7.38234E-15 -1.013E-08 ( 7.380E-08, 4.400E-08) ( 4.616E-16,-2.313E-16)  2.60E-05
  2.500E-04 7.38234E-15 -1.125E-08 ( 7.380E-08, 4.400E-08) ( 5.128E-16,-2.570E-16)  2.60E-05
  2.750E-04 7.38234E-15 -1.238E-08 ( 7.380E-08, 4.400E-08) ( 5.641E-16,-2.827E-16)  2.60E-05
  3.000E-04 7.38234E-15 -1.350E-08 ( 7.380E-08, 4.400E-08) ( 6.154E-16,-3.084E-16)  2.60E-05
  3.250E-04 7.38234E-15 -1.463E-08 ( 7.380E-08, 4.400E-08) ( 6.667E-16,-3.341E-16)  2.60E-05
  3.500E-04 7.38234E-15 -1.575E-08 ( 7.380E-08, 4.400E-08) ( 7.180E-16,-3.598E-16)  2.60E-05
  3.750E-04 7.38234E-15 -1.688E-08 ( 7.380E-08, 4.400E-08) ( 7.693E-16,-3.855E-16)  2.60E-05
  4.000E-04 7.38234E-15 -1.800E-08 ( 7.380E-08, 4.400E-08) ( 8.205E-16,-4.112E-16)  2.60E-05
  4.250E-04 7.38234E-15 -1.913E-08 ( 7.380E-08, 4.400E-08) ( 8.718E-16,-4.369E-16)  2.60E-05
  4.500E-04 7.38234E-15 -2.025E-08 ( 7.380E-08, 4.400E-08) ( 9.231E-16,-4.626E-16)  2.60E-05
  4.750E-04 7.38234E-15 -2.138E-08 ( 7.380E-08, 4.400E-08) ( 9.744E-16,-4.883E-16)  2.60E-05
  5.000E-04 7.38234E-15 -2.250E-08 ( 7.380E-08, 4.400E-08) ( 1.026E-15,-5.140E-16)  2.60E-05
  5.250E-04 7.38234E-15 -2.363E-08 ( 7.380E-08, 4.400E-08) ( 1.077E-15,-5.397E-16)  2.60E-05
  5.500E-04 7.38233E-15 -2.475E-08 ( 7.380E-08, 4.400E-08) ( 1.128E-15,-5.654E-16)  2.60E-05
  5.750E-04 7.38233E-15 -2.588E-08 ( 7.380E-08, 4.400E-08) ( 1.180E-15,-5.911E-16)  2.60E-05
  6.000E-04 7.38233E-15 -2.700E-08 ( 7.380E-08, 4.400E-08) ( 1.231E-15,-6.168E-16)  2.60E-05
  6.250E-04 7.38233E-15 -2.813E-08 ( 7.380E-08, 4.400E-08) ( 1.282E-15,-6.425E-16)  2.60E-05
  6.500E-04 7.38233E-15 -2.925E-08 ( 7.380E-08, 4.400E-08) ( 1.333E-15,-6.682E-16)  2.60E-05
  6.750E-04 7.38233E-15 -3.038E-08 ( 7.380E-08, 4.400E-08) ( 1.385E-15,-6.939E-16)  2.60E-05
  7.000E-04 7.38233E-15 -3.150E-08 ( 7.380E-08, 4.400E-08) ( 1.436E-15,-7.196E-16)  2.60E-05
  7.250E-04 7.38233E-15 -3.263E-08 ( 7.380E-08, 4.400E-08) ( 1.487E-15,-7.453E-16)  2.60E-05
  7.500E-04 7.38233E-15 -3.375E-08 ( 7.380E-08, 4.400E-08) ( 1.539E-15,-7.710E-16)  2.60E-05
  7.750E-04 7.38233E-15 -3.488E-08 ( 7.380E-08, 4.400E-08) ( 1.590E-15,-7.967E-16)  2.60E-05
  8.000E-04 7.38233E-15 -3.600E-08 ( 7.380E-08, 4.400E-08) ( 1.641E-15,-8.224E-16)  2.60E-05
  8.250E-04 7.38233E-15 -3.713E-08 ( 7.380E-08, 4.400E-08) ( 1.692E-15,-8.481E-16)  2.60E-05
  8.500E-04 7.38233E-15 -3.825E-08 ( 7.380E-08, 4.400E-08) ( 1.744E-15,-8.738E-16)  2.60E-05
  8.750E-04 7.38233E-15 -3.938E-08 ( 7.380E-08, 4.400E-08) ( 1.795E-15,-8.995E-16)  2.60E-05
  9.000E-04 7.38233E-15 -4.050E-08 ( 7.380E-08, 4.400E-08) ( 1.846E-15,-9.252E-16)  2.60E-05
  9.250E-04 7.38233E-15 -4.163E-08 ( 7.380E-08, 4.400E-08) ( 1.898E-15,-9.509E-16)  2.60E-05
  9.500E-04 7.38233E-15 -4.275E-08 ( 7.380E-08, 4.400E-08) ( 1.949E-15,-9.766E-16)  2.60E-05
  9.750E-04 7.38233E-15 -4.388E-08 ( 7.380E-08, 4.400E-08) ( 2.000E-15,-1.002E-15)  2.60E-05
  1.000E-03 7.38233E-15 -4.501E-08 ( 7.380E-08, 4.400E-08) ( 2.051E-15,-1.028E-15)  2.60E-05
  1.250E-03 7.38233E-15 -5.626E-08 ( 7.380E-08, 4.400E-08) ( 2.564E-15,-1.285E-15)  2.60E-05
  1.500E-03 7.38232E-15 -6.751E-08 ( 7.380E-08, 4.400E-08) ( 3.077E-15,-1.542E-15)  2.60E-05
  1.750E-03 7.38231E-15 -7.876E-08 ( 7.380E-08, 4.400E-08) ( 3.590E-15,-1.799E-15)  2.60E-05
  2.000E-03 7.38231E-15 -9.001E-08 ( 7.380E-08, 4.400E-08) ( 4.103E-15,-2.056E-15)  2.60E-05
  2.250E-03 7.38230E-15 -1.013E-07 ( 7.380E-08, 4.400E-08) ( 4.616E-15,-2.313E-15)  2.60E-05
  2.500E-03 7.38229E-15 -1.125E-07 ( 7.380E-08, 4.400E-08) ( 5.128E-15,-2.570E-15)  2.60E-05
  2.750E-03 7.38228E-15 -1.238E-07 ( 7.380E-08, 4.400E-08) ( 5.641E-15,-2.827E-15)  2.60E-05
  3.000E-03 7.38227E-15 -1.350E-07 ( 7.380E-08, 4.400E-08) ( 6.154E-15,-3.084E-15)  2.60E-05
  3.250E-03 7.38226E-15 -1.463E-07 ( 7.380E-08, 4.400E-08) ( 6.667E-15,-3.341E-15)  2.60E-05
  3.500E-03 7.38224E-15 -1.575E-07 ( 7.380E-08, 4.400E-08) ( 7.180E-15,-3.598E-15)  2.60E-05
  3.750E-03 7.38223E-15 -1.688E-07 ( 7.380E-08, 4.400E-08) ( 7.693E-15,-3.855E-15)  2.60E-05
  4.000E-03 7.38221E-15 -1.800E-07 ( 7.380E-08, 4.400E-08) ( 8.205E-15,-4.112E-15)  2.60E-05
  4.250E-03 7.38220E-15 -1.913E-07 ( 7.380E-08, 4.400E-08) ( 8.718E-15,-4.369E-15)  2.60E-05
  4.500E-03 7.38218E-15 -2.025E-07 ( 7.380E-08, 4.400E-08) ( 9.231E-15,-4.626E-15)  2.60E-05
  4.750E-03 7.38216E-15 -2.138E-07 ( 7.380E-08, 4.400E-08) ( 9.744E-15,-4.883E-15)  2.60E-05
  5.000E-03 7.38214E-15 -2.250E-07 ( 7.380E-08, 4.400E-08) ( 1.026E-14,-5.140E-15)  2.60E-05
  5.250E-03 7.38212E-15 -2.363E-07 ( 7.380E-08, 4.400E-08) ( 1.077E-14,-5.397E-15)  2.60E-05
  5.500E-03 7.38210E-15 -2.475E-07 ( 7.380E-08, 4.400E-08) ( 1.128E-14,-5.654E-15)  2.60E-05
  5.750E-03 7.38208E-15 -2.588E-07 ( 7.380E-08, 4.400E-08) ( 1.180E-14,-5.911E-15)  2.60E-05
  6.000E-03 7.38206E-15 -2.700E-07 ( 7.380E-08, 4.400E-08) ( 1.231E-14,-6.168E-15)  2.60E-05
  6.250E-03 7.38203E-15 -2.813E-07 ( 7.380E-08, 4.400E-08) ( 1.282E-14,-6.425E-15)  2.60E-05
  6.500E-03 7.38201E-15 -2.925E-07 ( 7.380E-08, 4.400E-08) ( 1.333E-14,-6.682E-15)  2.60E-05
  6.750E-03 7.38198E-15 -3.038E-07 ( 7.380E-08, 4.400E-08) ( 1.385E-14,-6.939E-15)  2.59E-05
  7.000E-03 7.38196E-15 -3.150E-07 ( 7.380E-08, 4.400E-08) ( 1.436E-14,-7.196E-15)  2.59E-05
  7.250E-03 7.38193E-15 -3.263E-07 ( 7.380E-08, 4.400E-08) ( 1.487E-14,-7.453E-15)  2.59E-05
  7.500E-03 7.38190E-15 -3.375E-07 ( 7.380E-08, 4.400E-08) ( 1.538E-14,-7.710E-15)  2.59E-05
  7.750E-03 7.38187E-15 -3.488E-07 ( 7.380E-08, 4.400E-08) ( 1.590E-14,-7.967E-15)  2.59E-05
  8.000E-03 7.38184E-15 -3.601E-07 ( 7.380E-08, 4.400E-08) ( 1.641E-14,-8.224E-15)  2.59E-05
  8.250E-03 7.38181E-15 -3.713E-07 ( 7.380E-08, 4.400E-08) ( 1.692E-14,-8.481E-15)  2.59E-05
  8.500E-03 7.38178E-15 -3.826E-07 ( 7.380E-08, 4.400E-08) ( 1.744E-14,-8.738E-15)  2.59E-05
  8.750E-03 7.38174E-15 -3.938E-07 ( 7.380E-08, 4.400E-08) ( 1.795E-14,-8.995E-15)  2.59E-05
  9.000E-03 7.38171E-15 -4.051E-07 ( 7.380E-08, 4.400E-08) ( 1.846E-14,-9.252E-15)  2.59E-05
  9.250E-03 7.38167E-15 -4.163E-07 ( 7.380E-08, 4.400E-08) ( 1.897E-14,-9.509E-15)  2.59E-05
  9.500E-03 7.38164E-15 -4.276E-07 ( 7.380E-08, 4.400E-08) ( 1.949E-14,-9.766E-15)  2.59E-05
  9.750E-03 7.38160E-15 -4.388E-07 ( 7.380E-08, 4.400E-08) ( 2.000E-14,-1.002E-14)  2.59E-05
  1.000E-02 7.38156E-15 -4.501E-07 ( 7.380E-08, 4.400E-08) ( 2.051E-14,-1.028E-14)  2.59E-05
  1.250E-02 7.38113E-15 -5.626E-07 ( 7.379E-08, 4.400E-08) ( 2.564E-14,-1.285E-14)  2.58E-05
  1.500E-02 7.38060E-15 -6.752E-07 ( 7.379E-08, 4.400E-08) ( 3.077E-14,-1.542E-14)  2.58E-05
  1.750E-02 7.37997E-15 -7.877E-07 ( 7.379E-08, 4.400E-08) ( 3.590E-14,-1.799E-14)  2.57E-05
  2.000E-02 7.37924E-15 -9.003E-07 ( 7.378E-08, 4.400E-08) ( 4.102E-14,-2.056E-14)  2.56E-05
  2.250E-02 7.37842E-15 -1.013E-06 ( 7.378E-08, 4.400E-08) ( 4.615E-14,-2.313E-14)  2.55E-05
  2.500E-02 7.37751E-15 -1.126E-06 ( 7.377E-08, 4.400E-08) ( 5.127E-14,-2.570E-14)  2.54E-05
  2.750E-02 7.37649E-15 -1.238E-06 ( 7.376E-08, 4.400E-08) ( 5.640E-14,-2.827E-14)  2.52E-05
  3.000E-02 7.37539E-15 -1.351E-06 ( 7.375E-08, 4.400E-08) ( 6.152E-14,-3.084E-14)  2.51E-05
  3.250E-02 7.37418E-15 -1.464E-06 ( 7.375E-08, 4.400E-08) ( 6.665E-14,-3.341E-14)  2.49E-05
  3.500E-02 7.37289E-15 -1.576E-06 ( 7.374E-08, 4.400E-08) ( 7.177E-14,-3.598E-14)  2.48E-05
  3.750E-02 7.37149E-15 -1.689E-06 ( 7.373E-08, 4.400E-08) ( 7.689E-14,-3.855E-14)  2.46E-05
  4.000E-02 7.37001E-15 -1.802E-06 ( 7.372E-08, 4.400E-08) ( 8.201E-14,-4.112E-14)  2.44E-05
  4.250E-02 7.36843E-15 -1.915E-06 ( 7.371E-08, 4.400E-08) ( 8.713E-14,-4.369E-14)  2.42E-05
  4.500E-02 7.36675E-15 -2.027E-06 ( 7.370E-08, 4.400E-08) ( 9.225E-14,-4.626E-14)  2.40E-05
  4.750E-02 7.36499E-15 -2.140E-06 ( 7.368E-08, 4.400E-08) ( 9.737E-14,-4.883E-14)  2.38E-05
  5.000E-02 7.36313E-15 -2.253E-06 ( 7.367E-08, 4.399E-08) ( 1.025E-13,-5.140E-14)  2.35E-05
  5.250E-02 7.36117E-15 -2.366E-06 ( 7.366E-08, 4.399E-08) ( 1.076E-13,-5.397E-14)  2.33E-05
  5.500E-02 7.35913E-15 -2.479E-06 ( 7.365E-08, 4.399E-08) ( 1.127E-13,-5.654E-14)  2.30E-05
  5.750E-02 7.35700E-15 -2.592E-06 ( 7.363E-08, 4.399E-08) ( 1.178E-13,-5.911E-14)  2.28E-05
  6.000E-02 7.35477E-15 -2.706E-06 ( 7.362E-08, 4.399E-08) ( 1.229E-13,-6.168E-14)  2.25E-05
  6.250E-02 7.35245E-15 -2.819E-06 ( 7.360E-08, 4.399E-08) ( 1.280E-13,-6.425E-14)  2.22E-05
  6.500E-02 7.35005E-15 -2.932E-06 ( 7.358E-08, 4.399E-08) ( 1.331E-13,-6.682E-14)  2.19E-05
  6.750E-02 7.34755E-15 -3.045E-06 ( 7.357E-08, 4.399E-08) ( 1.383E-13,-6.939E-14)  2.16E-05
  7.000E-02 7.34497E-15 -3.159E-06 ( 7.355E-08, 4.399E-08) ( 1.434E-13,-7.196E-14)  2.13E-05
  7.250E-02 7.34230E-15 -3.272E-06 ( 7.353E-08, 4.399E-08) ( 1.485E-13,-7.454E-14)  2.10E-05
  7.500E-02 7.33954E-15 -3.385E-06 ( 7.351E-08, 4.399E-08) ( 1.536E-13,-7.711E-14)  2.06E-05
  7.750E-02 7.33670E-15 -3.499E-06 ( 7.349E-08, 4.399E-08) ( 1.587E-13,-7.968E-14)  2.03E-05
  8.000E-02 7.33377E-15 -3.613E-06 ( 7.347E-08, 4.399E-08) ( 1.638E-13,-8.225E-14)  1.99E-05
  8.250E-02 7.33075E-15 -3.726E-06 ( 7.345E-08, 4.399E-08) ( 1.689E-13,-8.482E-14)  1.96E-05
  8.500E-02 7.32765E-15 -3.840E-06 ( 7.343E-08, 4.399E-08) ( 1.739E-13,-8.739E-14)  1.92E-05
  8.750E-02 7.32446E-15 -3.954E-06 ( 7.341E-08, 4.399E-08) ( 1.790E-13,-8.996E-14)  1.88E-05
  9.000E-02 7.32119E-15 -4.068E-06 ( 7.339E-08, 4.399E-08) ( 1.841E-13,-9.253E-14)  1.84E-05
  9.250E-02 7.31784E-15 -4.182E-06 ( 7.337E-08, 4.399E-08) ( 1.892E-13,-9.510E-14)  1.80E-05
  9.500E-02 7.31441E-15 -4.296E-06 ( 7.334E-08, 4.399E-08) ( 1.943E-13,-9.767E-14)  1.76E-05
  9.750E-02 7.31090E-15 -4.410E-06 ( 7.332E-08, 4.399E-08) ( 1.994E-13,-1.002E-13)  1.72E-05
  1.000E-01 7.30730E-15 -4.524E-06 ( 7.329E-08, 4.399E-08) ( 2.045E-13,-1.028E-13)  1.68E-05
  1.250E-01 7.26715E-15 -5.671E-06 ( 7.302E-08, 4.399E-08) ( 2.551E-13,-1.285E-13)  1.24E-05
  1.500E-01 7.21996E-15 -6.828E-06 ( 7.270E-08, 4.398E-08) ( 3.055E-13,-1.542E-13)  7.71E-06
  1.750E-01 7.16672E-15 -7.996E-06 ( 7.234E-08, 4.398E-08) ( 3.555E-13,-1.800E-13)  3.01E-06
  2.000E-01 7.10849E-15 -9.176E-06 ( 7.194E-08, 4.398E-08) ( 4.052E-13,-2.057E-13)  1.37E-06
  2.250E-01 7.04635E-15 -1.037E-05 ( 7.151E-08, 4.397E-08) ( 4.544E-13,-2.314E-13)  5.14E-06
  2.500E-01 6.98135E-15 -1.157E-05 ( 7.105E-08, 4.396E-08) ( 5.033E-13,-2.572E-13)  8.07E-06
  2.750E-01 6.91449E-15 -1.279E-05 ( 7.059E-08, 4.396E-08) ( 5.517E-13,-2.829E-13)  1.00E-05
  3.000E-01 6.84668E-15 -1.402E-05 ( 7.011E-08, 4.395E-08) ( 5.997E-13,-3.087E-13)  1.08E-05
  3.250E-01 6.77871E-15 -1.526E-05 ( 6.963E-08, 4.394E-08) ( 6.473E-13,-3.344E-13)  1.06E-05
  3.500E-01 6.71125E-15 -1.651E-05 ( 6.915E-08, 4.393E-08) ( 6.944E-13,-3.602E-13)  9.40E-06
  3.750E-01 6.64482E-15 -1.778E-05 ( 6.867E-08, 4.392E-08) ( 7.412E-13,-3.860E-13)  7.38E-06
  4.000E-01 6.57982E-15 -1.905E-05 ( 6.820E-08, 4.391E-08) ( 7.876E-13,-4.118E-13)  4.77E-06
  4.250E-01 6.51649E-15 -2.033E-05 ( 6.774E-08, 4.390E-08) ( 8.336E-13,-4.376E-13)  1.84E-06
  4.500E-01 6.45498E-15 -2.162E-05 ( 6.730E-08, 4.389E-08) ( 8.792E-13,-4.635E-13)  1.12E-06
  4.750E-01 6.39531E-15 -2.292E-05 ( 6.686E-08, 4.388E-08) ( 9.245E-13,-4.893E-13)  3.84E-06
  5.000E-01 6.33743E-15 -2.422E-05 ( 6.643E-08, 4.386E-08) ( 9.695E-13,-5.152E-13)  6.08E-06
  5.250E-01 6.28121E-15 -2.553E-05 ( 6.602E-08, 4.385E-08) ( 1.014E-12,-5.411E-13)  7.65E-06
  5.500E-01 6.22648E-15 -2.685E-05 ( 6.561E-08, 4.384E-08) ( 1.058E-12,-5.670E-13)  8.43E-06
  5.750E-01 6.17306E-15 -2.818E-05 ( 6.521E-08, 4.382E-08) ( 1.103E-12,-5.929E-13)  8.38E-06
  6.000E-01 6.12074E-15 -2.952E-05 ( 6.482E-08, 4.381E-08) ( 1.146E-12,-6.188E-13)  7.52E-06
  6.250E-01 6.06933E-15 -3.086E-05 ( 6.443E-08, 4.379E-08) ( 1.190E-12,-6.448E-13)  5.98E-06
  6.500E-01 6.01867E-15 -3.221E-05 ( 6.405E-08, 4.377E-08) ( 1.233E-12,-6.708E-13)  3.91E-06
  6.750E-01 5.96863E-15 -3.358E-05 ( 6.367E-08, 4.376E-08) ( 1.276E-12,-6.968E-13)  1.53E-06
  7.000E-01 5.91911E-15 -3.495E-05 ( 6.329E-08, 4.374E-08) ( 1.319E-12,-7.228E-13)  9.34E-07
  7.250E-01 5.87005E-15 -3.633E-05 ( 6.292E-08, 4.372E-08) ( 1.361E-12,-7.488E-13)  3.24E-06
  7.500E-01 5.82143E-15 -3.772E-05 ( 6.254E-08, 4.370E-08) ( 1.403E-12,-7.749E-13)  5.17E-06
  7.750E-01 5.77324E-15 -3.912E-05 ( 6.217E-08, 4.368E-08) ( 1.445E-12,-8.010E-13)  6.56E-06
  8.000E-01 5.72554E-15 -4.053E-05 ( 6.180E-08, 4.366E-08) ( 1.487E-12,-8.272E-13)  7.29E-06
  8.250E-01 5.67835E-15 -4.195E-05 ( 6.143E-08, 4.364E-08) ( 1.528E-12,-8.533E-13)  7.30E-06
  8.500E-01 5.63175E-15 -4.338E-05 ( 6.107E-08, 4.362E-08) ( 1.569E-12,-8.795E-13)  6.60E-06
  8.750E-01 5.58579E-15 -4.482E-05 ( 6.071E-08, 4.360E-08) ( 1.610E-12,-9.057E-13)  5.29E-06
  9.000E-01 5.54052E-15 -4.627E-05 ( 6.035E-08, 4.357E-08) ( 1.651E-12,-9.319E-13)  3.49E-06
  9.250E-01 5.49599E-15 -4.772E-05 ( 6.000E-08, 4.355E-08) ( 1.691E-12,-9.582E-13)  1.39E-06
  9.500E-01 5.45223E-15 -4.918E-05 ( 5.965E-08, 4.353E-08) ( 1.731E-12,-9.845E-13)  8.04E-07
  9.750E-01 5.40924E-15 -5.065E-05 ( 5.930E-08, 4.350E-08) ( 1.771E-12,-1.011E-12)  2.88E-06
  1.000E+00 5.36703E-15 -5.213E-05 ( 5.897E-08, 4.348E-08) ( 1.811E-12,-1.037E-12)  4.64E-06
  1.100E+00 5.20518E-15 -5.810E-05 ( 5.766E-08, 4.337E-08) ( 1.967E-12,-1.143E-12)  6.05E-06
  1.200E+00 5.05222E-15 -6.420E-05 ( 5.641E-08, 4.325E-08) ( 2.120E-12,-1.249E-12)  7.04E-07
  1.300E+00 4.90566E-15 -7.043E-05 ( 5.519E-08, 4.312E-08) ( 2.270E-12,-1.356E-12)  6.16E-06
  1.400E+00 4.76523E-15 -7.679E-05 ( 5.401E-08, 4.299E-08) ( 2.416E-12,-1.464E-12)  3.08E-06
  1.500E+00 4.63171E-15 -8.327E-05 ( 5.288E-08, 4.285E-08) ( 2.560E-12,-1.573E-12)  4.02E-06
  1.600E+00 4.50501E-15 -8.986E-05 ( 5.179E-08, 4.269E-08) ( 2.701E-12,-1.682E-12)  5.43E-06
  1.700E+00 4.38387E-15 -9.657E-05 ( 5.074E-08, 4.253E-08) ( 2.839E-12,-1.792E-12)  5.53E-07
  1.800E+00 4.26709E-15 -1.034E-04 ( 4.972E-08, 4.236E-08) ( 2.975E-12,-1.902E-12)  5.60E-06
  1.900E+00 4.15440E-15 -1.104E-04 ( 4.873E-08, 4.218E-08) ( 3.108E-12,-2.014E-12)  2.91E-06
  2.000E+00 4.04611E-15 -1.175E-04 ( 4.777E-08, 4.200E-08) ( 3.239E-12,-2.127E-12)  3.66E-06
  2.100E+00 3.94213E-15 -1.247E-04 ( 4.684E-08, 4.181E-08) ( 3.367E-12,-2.240E-12)  5.10E-06
  2.200E+00 3.84180E-15 -1.320E-04 ( 4.594E-08, 4.161E-08) ( 3.494E-12,-2.355E-12)  4.37E-07
  2.300E+00 3.74444E-15 -1.394E-04 ( 4.506E-08, 4.140E-08) ( 3.618E-12,-2.470E-12)  5.26E-06
  2.400E+00 3.64989E-15 -1.470E-04 ( 4.420E-08, 4.119E-08) ( 3.740E-12,-2.587E-12)  2.83E-06
  2.500E+00 3.55831E-15 -1.548E-04 ( 4.336E-08, 4.097E-08) ( 3.860E-12,-2.704E-12)  3.43E-06
  2.600E+00 3.46965E-15 -1.626E-04 ( 4.254E-08, 4.074E-08) ( 3.977E-12,-2.823E-12)  4.91E-06
  2.700E+00 3.38352E-15 -1.706E-04 ( 4.174E-08, 4.051E-08) ( 4.093E-12,-2.942E-12)  3.37E-07
  2.800E+00 3.29952E-15 -1.788E-04 ( 4.096E-08, 4.027E-08) ( 4.207E-12,-3.063E-12)  5.06E-06
  2.900E+00 3.21757E-15 -1.870E-04 ( 4.019E-08, 4.003E-08) ( 4.319E-12,-3.185E-12)  2.81E-06
  3.000E+00 3.13776E-15 -1.955E-04 ( 3.944E-08, 3.978E-08) ( 4.430E-12,-3.308E-12)  3.27E-06
  3.100E+00 3.06009E-15 -2.040E-04 ( 3.870E-08, 3.953E-08) ( 4.538E-12,-3.432E-12)  4.81E-06
  3.200E+00 2.98431E-15 -2.128E-04 ( 3.797E-08, 3.927E-08) ( 4.645E-12,-3.558E-12)  2.48E-07
  3.300E+00 2.91018E-15 -2.217E-04 ( 3.726E-08, 3.901E-08) ( 4.749E-12,-3.684E-12)  4.94E-06
  3.400E+00 2.83766E-15 -2.307E-04 ( 3.656E-08, 3.875E-08) ( 4.852E-12,-3.812E-12)  2.83E-06
  3.500E+00 2.76683E-15 -2.399E-04 ( 3.587E-08, 3.848E-08) ( 4.953E-12,-3.941E-12)  3.15E-06
  3.600E+00 2.69769E-15 -2.493E-04 ( 3.519E-08, 3.821E-08) ( 5.053E-12,-4.071E-12)  4.78E-06
  3.700E+00 2.63009E-15 -2.588E-04 ( 3.452E-08, 3.793E-08) ( 5.151E-12,-4.202E-12)  1.64E-07
  3.800E+00 2.56388E-15 -2.686E-04 ( 3.386E-08, 3.765E-08) ( 5.247E-12,-4.334E-12)  4.88E-06
  3.900E+00 2.49904E-15 -2.785E-04 ( 3.320E-08, 3.737E-08) ( 5.341E-12,-4.468E-12)  2.88E-06
  4.000E+00 2.43562E-15 -2.885E-04 ( 3.256E-08, 3.709E-08) ( 5.434E-12,-4.603E-12)  3.08E-06
  4.100E+00 2.37365E-15 -2.988E-04 ( 3.193E-08, 3.680E-08) ( 5.525E-12,-4.739E-12)  4.80E-06
  4.200E+00 2.31300E-15 -3.092E-04 ( 3.130E-08, 3.652E-08) ( 5.614E-12,-4.876E-12)  1.00E-07
  4.300E+00 2.25360E-15 -3.198E-04 ( 3.068E-08, 3.623E-08) ( 5.702E-12,-5.014E-12)  4.86E-06
  4.400E+00 2.19542E-15 -3.307E-04 ( 3.007E-08, 3.594E-08) ( 5.788E-12,-5.154E-12)  2.96E-06
  4.500E+00 2.13852E-15 -3.417E-04 ( 2.946E-08, 3.564E-08) ( 5.873E-12,-5.295E-12)  3.03E-06
  4.600E+00 2.08290E-15 -3.529E-04 ( 2.887E-08, 3.535E-08) ( 5.956E-12,-5.436E-12)  4.86E-06
  4.700E+00 2.02850E-15 -3.642E-04 ( 2.828E-08, 3.506E-08) ( 6.038E-12,-5.579E-12)  1.00E-07
  4.800E+00 1.97524E-15 -3.758E-04 ( 2.769E-08, 3.476E-08) ( 6.118E-12,-5.724E-12)  4.88E-06
  4.900E+00 1.92313E-15 -3.876E-04 ( 2.711E-08, 3.447E-08) ( 6.197E-12,-5.869E-12)  3.06E-06
  5.000E+00 1.87218E-15 -3.996E-04 ( 2.654E-08, 3.417E-08) ( 6.274E-12,-6.015E-12)  3.00E-06
  5.100E+00 1.82242E-15 -4.117E-04 ( 2.598E-08, 3.388E-08) ( 6.350E-12,-6.163E-12)  4.95E-06
  5.200E+00 1.77379E-15 -4.241E-04 ( 2.542E-08, 3.358E-08) ( 6.424E-12,-6.311E-12)  1.00E-07
  5.300E+00 1.72624E-15 -4.367E-04 ( 2.486E-08, 3.329E-08) ( 6.497E-12,-6.461E-12)  4.94E-06
  5.400E+00 1.67976E-15 -4.494E-04 ( 2.432E-08, 3.299E-08) ( 6.569E-12,-6.612E-12)  3.18E-06
  5.500E+00 1.63438E-15 -4.624E-04 ( 2.378E-08, 3.270E-08) ( 6.639E-12,-6.763E-12)  2.98E-06
  5.600E+00 1.59009E-15 -4.756E-04 ( 2.324E-08, 3.240E-08) ( 6.708E-12,-6.916E-12)  5.08E-06
  5.700E+00 1.54687E-15 -4.889E-04 ( 2.271E-08, 3.211E-08) ( 6.775E-12,-7.070E-12)  1.75E-07
  5.800E+00 1.50465E-15 -5.024E-04 ( 2.219E-08, 3.182E-08) ( 6.842E-12,-7.225E-12)  5.02E-06
  5.900E+00 1.46345E-15 -5.162E-04 ( 2.167E-08, 3.153E-08) ( 6.907E-12,-7.381E-12)  3.32E-06
  6.000E+00 1.42327E-15 -5.301E-04 ( 2.116E-08, 3.124E-08) ( 6.971E-12,-7.538E-12)  2.98E-06
  6.100E+00 1.38410E-15 -5.442E-04 ( 2.065E-08, 3.095E-08) ( 7.034E-12,-7.695E-12)  5.23E-06
  6.200E+00 1.34592E-15 -5.584E-04 ( 2.015E-08, 3.066E-08) ( 7.095E-12,-7.854E-12)  2.69E-07
  6.300E+00 1.30868E-15 -5.728E-04 ( 1.965E-08, 3.037E-08) ( 7.156E-12,-8.014E-12)  5.12E-06
  6.400E+00 1.27238E-15 -5.875E-04 ( 1.916E-08, 3.008E-08) ( 7.215E-12,-8.174E-12)  3.49E-06
  6.500E+00 1.23702E-15 -6.022E-04 ( 1.868E-08, 2.980E-08) ( 7.274E-12,-8.336E-12)  2.99E-06
  6.600E+00 1.20260E-15 -6.171E-04 ( 1.820E-08, 2.952E-08) ( 7.331E-12,-8.499E-12)  5.41E-06
  6.700E+00 1.16908E-15 -6.322E-04 ( 1.773E-08, 2.924E-08) ( 7.387E-12,-8.662E-12)  3.70E-07
  6.800E+00 1.13644E-15 -6.474E-04 ( 1.726E-08, 2.896E-08) ( 7.442E-12,-8.826E-12)  5.25E-06
  6.900E+00 1.10466E-15 -6.627E-04 ( 1.680E-08, 2.868E-08) ( 7.496E-12,-8.991E-12)  3.67E-06
  7.000E+00 1.07374E-15 -6.782E-04 ( 1.634E-08, 2.840E-08) ( 7.550E-12,-9.157E-12)  3.01E-06
  7.100E+00 1.04367E-15 -6.937E-04 ( 1.589E-08, 2.813E-08) ( 7.602E-12,-9.324E-12)  5.61E-06
  7.200E+00 1.01442E-15 -7.094E-04 ( 1.545E-08, 2.785E-08) ( 7.654E-12,-9.492E-12)  4.78E-07
  7.300E+00 9.85974E-16 -7.251E-04 ( 1.501E-08, 2.758E-08) ( 7.704E-12,-9.660E-12)  5.39E-06
  7.400E+00 9.58304E-16 -7.410E-04 ( 1.457E-08, 2.731E-08) ( 7.754E-12,-9.830E-12)  3.87E-06
  7.500E+00 9.31412E-16 -7.568E-04 ( 1.414E-08, 2.704E-08) ( 7.803E-12,-1.000E-11)  3.03E-06
  7.600E+00 9.05285E-16 -7.728E-04 ( 1.372E-08, 2.678E-08) ( 7.852E-12,-1.017E-11)  5.84E-06
  7.700E+00 8.79897E-16 -7.888E-04 ( 1.330E-08, 2.651E-08) ( 7.899E-12,-1.034E-11)  5.94E-07
  7.800E+00 8.55221E-16 -8.048E-04 ( 1.289E-08, 2.625E-08) ( 7.946E-12,-1.051E-11)  5.55E-06
  7.900E+00 8.31244E-16 -8.208E-04 ( 1.248E-08, 2.599E-08) ( 7.992E-12,-1.069E-11)  4.09E-06
  8.000E+00 8.07960E-16 -8.368E-04 ( 1.208E-08, 2.573E-08) ( 8.037E-12,-1.086E-11)  3.06E-06
  8.100E+00 7.85354E-16 -8.527E-04 ( 1.169E-08, 2.547E-08) ( 8.082E-12,-1.104E-11)  6.08E-06
  8.200E+00 7.63404E-16 -8.686E-04 ( 1.130E-08, 2.521E-08) ( 8.126E-12,-1.121E-11)  7.19E-07
  8.300E+00 7.42086E-16 -8.845E-04 ( 1.091E-08, 2.496E-08) ( 8.170E-12,-1.139E-11)  5.72E-06
  8.400E+00 7.21386E-16 -9.003E-04 ( 1.053E-08, 2.471E-08) ( 8.213E-12,-1.157E-11)  4.33E-06
  8.500E+00 7.01296E-16 -9.159E-04 ( 1.016E-08, 2.446E-08) ( 8.255E-12,-1.174E-11)  3.08E-06
  8.600E+00 6.81802E-16 -9.314E-04 ( 9.787E-09, 2.421E-08) ( 8.297E-12,-1.192E-11)  6.34E-06
  8.700E+00 6.62884E-16 -9.468E-04 ( 9.423E-09, 2.396E-08) ( 8.338E-12,-1.210E-11)  8.54E-07
  8.800E+00 6.44519E-16 -9.620E-04 ( 9.064E-09, 2.371E-08) ( 8.379E-12,-1.228E-11)  5.90E-06
  8.900E+00 6.26696E-16 -9.770E-04 ( 8.710E-09, 2.347E-08) ( 8.420E-12,-1.246E-11)  4.58E-06
  9.000E+00 6.09404E-16 -9.918E-04 ( 8.362E-09, 2.323E-08) ( 8.460E-12,-1.264E-11)  3.11E-06
  9.100E+00 5.92630E-16 -1.006E-03 ( 8.019E-09, 2.299E-08) ( 8.499E-12,-1.283E-11)  6.61E-06
  9.200E+00 5.76356E-16 -1.021E-03 ( 7.681E-09, 2.275E-08) ( 8.539E-12,-1.301E-11)  1.00E-06
  9.300E+00 5.60564E-16 -1.035E-03 ( 7.348E-09, 2.251E-08) ( 8.577E-12,-1.319E-11)  6.09E-06
  9.400E+00 5.45241E-16 -1.048E-03 ( 7.020E-09, 2.227E-08) ( 8.616E-12,-1.338E-11)  4.85E-06
  9.500E+00 5.30377E-16 -1.062E-03 ( 6.697E-09, 2.203E-08) ( 8.654E-12,-1.356E-11)  3.14E-06
  9.600E+00 5.15960E-16 -1.074E-03 ( 6.379E-09, 2.180E-08) ( 8.692E-12,-1.375E-11)  6.90E-06
  9.700E+00 5.01974E-16 -1.087E-03 ( 6.067E-09, 2.157E-08) ( 8.730E-12,-1.393E-11)  1.16E-06
  9.800E+00 4.88404E-16 -1.099E-03 ( 5.759E-09, 2.134E-08) ( 8.767E-12,-1.412E-11)  6.29E-06
  9.900E+00 4.75237E-16 -1.111E-03 ( 5.456E-09, 2.111E-08) ( 8.804E-12,-1.431E-11)  5.13E-06
  1.000E+01 4.62465E-16 -1.122E-03 ( 5.158E-09, 2.088E-08) ( 8.841E-12,-1.450E-11)  3.16E-06
  1.025E+01 4.32180E-16 -1.147E-03 ( 4.434E-09, 2.031E-08) ( 8.933E-12,-1.497E-11)  3.17E-06
  1.050E+01 4.04093E-16 -1.168E-03 ( 3.740E-09, 1.975E-08) ( 9.023E-12,-1.545E-11)  3.18E-06
  1.075E+01 3.78045E-16 -1.185E-03 ( 3.076E-09, 1.920E-08) ( 9.113E-12,-1.593E-11)  3.18E-06
  1.100E+01 3.53873E-16 -1.196E-03 ( 2.439E-09, 1.865E-08) ( 9.202E-12,-1.642E-11)  3.19E-06
  1.125E+01 3.31438E-16 -1.202E-03 ( 1.831E-09, 1.811E-08) ( 9.292E-12,-1.691E-11)  3.19E-06
  1.150E+01 3.10601E-16 -1.202E-03 ( 1.250E-09, 1.758E-08) ( 9.381E-12,-1.741E-11)  3.19E-06
  1.175E+01 2.91241E-16 -1.195E-03 ( 6.958E-10, 1.705E-08) ( 9.470E-12,-1.791E-11)  3.20E-06
  1.200E+01 2.73243E-16 -1.179E-03 ( 1.674E-10, 1.653E-08) ( 9.561E-12,-1.841E-11)  3.19E-06
  1.225E+01 2.56504E-16 -1.156E-03 (-3.353E-10, 1.601E-08) ( 9.651E-12,-1.892E-11)  3.19E-06
  1.250E+01 2.40927E-16 -1.122E-03 (-8.135E-10, 1.550E-08) ( 9.743E-12,-1.943E-11)  3.19E-06
  1.275E+01 2.26425E-16 -1.079E-03 (-1.267E-09, 1.499E-08) ( 9.836E-12,-1.995E-11)  3.18E-06
  1.300E+01 2.12918E-16 -1.025E-03 (-1.698E-09, 1.449E-08) ( 9.930E-12,-2.047E-11)  3.17E-06
  1.325E+01 2.00333E-16 -9.596E-04 (-2.105E-09, 1.400E-08) ( 1.003E-11,-2.099E-11)  3.16E-06
  1.350E+01 1.88603E-16 -8.811E-04 (-2.491E-09, 1.351E-08) ( 1.012E-11,-2.152E-11)  3.14E-06
  1.375E+01 1.77666E-16 -7.893E-04 (-2.855E-09, 1.302E-08) ( 1.022E-11,-2.205E-11)  3.13E-06
  1.400E+01 1.67468E-16 -6.829E-04 (-3.198E-09, 1.254E-08) ( 1.032E-11,-2.259E-11)  3.11E-06
  1.425E+01 1.57954E-16 -5.614E-04 (-3.520E-09, 1.206E-08) ( 1.042E-11,-2.313E-11)  3.09E-06
  1.450E+01 1.49081E-16 -4.236E-04 (-3.823E-09, 1.160E-08) ( 1.053E-11,-2.367E-11)  3.06E-06
  1.475E+01 1.40802E-16 -2.689E-04 (-4.107E-09, 1.113E-08) ( 1.063E-11,-2.422E-11)  3.03E-06
  1.500E+01 1.33080E-16 -9.618E-05 (-4.372E-09, 1.068E-08) ( 1.074E-11,-2.477E-11)  3.00E-06
  1.525E+01 1.25874E-16  9.502E-05 (-4.619E-09, 1.022E-08) ( 1.085E-11,-2.532E-11)  2.97E-06
  1.550E+01 1.19154E-16  3.057E-04 (-4.849E-09, 9.780E-09) ( 1.097E-11,-2.588E-11)  2.93E-06
  1.575E+01 1.12883E-16  5.362E-04 (-5.062E-09, 9.341E-09) ( 1.108E-11,-2.644E-11)  2.89E-06
  1.600E+01 1.07037E-16  7.874E-04 (-5.258E-09, 8.910E-09) ( 1.120E-11,-2.700E-11)  2.85E-06
  1.625E+01 1.01581E-16  1.059E-03 (-5.439E-09, 8.485E-09) ( 1.132E-11,-2.756E-11)  2.80E-06
  1.650E+01 9.64956E-17  1.353E-03 (-5.604E-09, 8.068E-09) ( 1.145E-11,-2.813E-11)  2.75E-06
  1.675E+01 9.17500E-17  1.668E-03 (-5.755E-09, 7.657E-09) ( 1.158E-11,-2.870E-11)  2.69E-06
  1.700E+01 8.73268E-17  2.004E-03 (-5.891E-09, 7.254E-09) ( 1.170E-11,-2.927E-11)  2.63E-06
  1.725E+01 8.31986E-17  2.362E-03 (-6.014E-09, 6.858E-09) ( 1.184E-11,-2.984E-11)  2.57E-06
  1.750E+01 7.93504E-17  2.742E-03 (-6.123E-09, 6.470E-09) ( 1.197E-11,-3.042E-11)  2.50E-06
  1.775E+01 7.57576E-17  3.142E-03 (-6.219E-09, 6.089E-09) ( 1.211E-11,-3.099E-11)  2.43E-06
  1.800E+01 7.24071E-17  3.562E-03 (-6.303E-09, 5.716E-09) ( 1.225E-11,-3.157E-11)  2.36E-06
  1.825E+01 6.92768E-17  4.003E-03 (-6.375E-09, 5.351E-09) ( 1.239E-11,-3.215E-11)  2.28E-06
  1.850E+01 6.63558E-17  4.462E-03 (-6.436E-09, 4.994E-09) ( 1.254E-11,-3.273E-11)  2.20E-06
  1.875E+01 6.36240E-17  4.939E-03 (-6.485E-09, 4.644E-09) ( 1.269E-11,-3.332E-11)  2.12E-06
  1.900E+01 6.10722E-17  5.433E-03 (-6.524E-09, 4.303E-09) ( 1.284E-11,-3.390E-11)  2.03E-06
  1.925E+01 5.86825E-17  5.943E-03 (-6.552E-09, 3.969E-09) ( 1.300E-11,-3.449E-11)  1.94E-06
  1.950E+01 5.64473E-17  6.468E-03 (-6.571E-09, 3.643E-09) ( 1.316E-11,-3.507E-11)  1.84E-06
  1.975E+01 5.43507E-17  7.006E-03 (-6.580E-09, 3.325E-09) ( 1.332E-11,-3.566E-11)  1.74E-06
  2.000E+01 5.23864E-17  7.555E-03 (-6.580E-09, 3.014E-09) ( 1.348E-11,-3.625E-11)  1.64E-06
  2.025E+01 5.05404E-17  8.115E-03 (-6.572E-09, 2.712E-09) ( 1.365E-11,-3.684E-11)  1.53E-06
  2.050E+01 4.88076E-17  8.685E-03 (-6.555E-09, 2.417E-09) ( 1.382E-11,-3.743E-11)  1.43E-06
  2.075E+01 4.71758E-17  9.261E-03 (-6.530E-09, 2.130E-09) ( 1.399E-11,-3.802E-11)  1.32E-06
  2.100E+01 4.56410E-17  9.844E-03 (-6.497E-09, 1.850E-09) ( 1.417E-11,-3.861E-11)  1.20E-06
  2.125E+01 4.41925E-17  1.043E-02 (-6.458E-09, 1.578E-09) ( 1.434E-11,-3.920E-11)  1.09E-06
  2.150E+01 4.28270E-17  1.102E-02 (-6.411E-09, 1.314E-09) ( 1.452E-11,-3.979E-11)  9.70E-07
  2.175E+01 4.15355E-17  1.161E-02 (-6.357E-09, 1.057E-09) ( 1.471E-11,-4.038E-11)  8.51E-07
  2.200E+01 4.03154E-17  1.220E-02 (-6.298E-09, 8.077E-10) ( 1.489E-11,-4.097E-11)  7.28E-07
  2.225E+01 3.91588E-17  1.279E-02 (-6.232E-09, 5.656E-10) ( 1.508E-11,-4.157E-11)  6.04E-07
  2.250E+01 3.80637E-17  1.338E-02 (-6.161E-09, 3.308E-10) ( 1.527E-11,-4.216E-11)  4.79E-07
  2.275E+01 3.70236E-17  1.396E-02 (-6.084E-09, 1.032E-10) ( 1.546E-11,-4.275E-11)  3.51E-07
  2.300E+01 3.60365E-17  1.454E-02 (-6.002E-09,-1.172E-10) ( 1.566E-11,-4.334E-11)  2.22E-07
  2.325E+01 3.50970E-17  1.511E-02 (-5.915E-09,-3.305E-10) ( 1.586E-11,-4.393E-11)  1.00E-07
  2.350E+01 3.42034E-17  1.566E-02 (-5.823E-09,-5.368E-10) ( 1.606E-11,-4.452E-11)  1.00E-07
  2.375E+01 3.33513E-17  1.621E-02 (-5.728E-09,-7.361E-10) ( 1.626E-11,-4.511E-11)  1.73E-07
  2.400E+01 3.25391E-17  1.675E-02 (-5.628E-09,-9.285E-10) ( 1.646E-11,-4.570E-11)  3.08E-07
  2.425E+01 3.17631E-17  1.727E-02 (-5.524E-09,-1.114E-09) ( 1.667E-11,-4.629E-11)  4.43E-07
  2.450E+01 3.10217E-17  1.778E-02 (-5.417E-09,-1.293E-09) ( 1.687E-11,-4.688E-11)  5.79E-07
  2.475E+01 3.03119E-17  1.827E-02 (-5.307E-09,-1.465E-09) ( 1.708E-11,-4.747E-11)  7.16E-07
  2.500E+01 2.96323E-17  1.875E-02 (-5.193E-09,-1.630E-09) ( 1.730E-11,-4.805E-11)  8.54E-07
  2.550E+01 2.83545E-17  1.964E-02 (-4.958E-09,-1.941E-09) ( 1.772E-11,-4.922E-11)  1.13E-06
  2.600E+01 2.71742E-17  2.046E-02 (-4.713E-09,-2.227E-09) ( 1.816E-11,-5.039E-11)  1.41E-06
  2.650E+01 2.60787E-17  2.118E-02 (-4.460E-09,-2.487E-09) ( 1.860E-11,-5.156E-11)  1.69E-06
  2.700E+01 2.50571E-17  2.181E-02 (-4.201E-09,-2.722E-09) ( 1.904E-11,-5.271E-11)  1.98E-06
  2.750E+01 2.40999E-17  2.234E-02 (-3.936E-09,-2.933E-09) ( 1.949E-11,-5.387E-11)  2.26E-06
  2.800E+01 2.31988E-17  2.276E-02 (-3.668E-09,-3.121E-09) ( 1.994E-11,-5.502E-11)  2.54E-06
  2.850E+01 2.23468E-17  2.308E-02 (-3.398E-09,-3.286E-09) ( 2.039E-11,-5.616E-11)  2.83E-06
  2.900E+01 2.15380E-17  2.327E-02 (-3.127E-09,-3.429E-09) ( 2.085E-11,-5.730E-11)  3.11E-06
  2.950E+01 2.07675E-17  2.335E-02 (-2.855E-09,-3.551E-09) ( 2.130E-11,-5.843E-11)  3.39E-06
  3.000E+01 2.00311E-17  2.331E-02 (-2.585E-09,-3.653E-09) ( 2.176E-11,-5.955E-11)  3.68E-06
  3.050E+01 1.93255E-17  2.314E-02 (-2.317E-09,-3.735E-09) ( 2.222E-11,-6.067E-11)  3.96E-06
  3.100E+01 1.86481E-17  2.284E-02 (-2.052E-09,-3.799E-09) ( 2.267E-11,-6.178E-11)  4.24E-06
  3.150E+01 1.79966E-17  2.240E-02 (-1.791E-09,-3.845E-09) ( 2.312E-11,-6.289E-11)  4.53E-06
  3.200E+01 1.73692E-17  2.182E-02 (-1.535E-09,-3.874E-09) ( 2.357E-11,-6.399E-11)  4.81E-06
  3.250E+01 1.67643E-17  2.111E-02 (-1.284E-09,-3.887E-09) ( 2.402E-11,-6.508E-11)  5.09E-06
  3.300E+01 1.61806E-17  2.024E-02 (-1.039E-09,-3.885E-09) ( 2.446E-11,-6.617E-11)  5.37E-06
  3.350E+01 1.56168E-17  1.923E-02 (-8.004E-10,-3.869E-09) ( 2.490E-11,-6.725E-11)  5.65E-06
  3.400E+01 1.50718E-17  1.807E-02 (-5.693E-10,-3.840E-09) ( 2.533E-11,-6.832E-11)  5.93E-06
  3.450E+01 1.45445E-17  1.675E-02 (-3.458E-10,-3.797E-09) ( 2.575E-11,-6.939E-11)  6.21E-06
  3.500E+01 1.40338E-17  1.527E-02 (-1.304E-10,-3.743E-09) ( 2.617E-11,-7.045E-11)  6.49E-06
  3.550E+01 1.35387E-17  1.363E-02 ( 7.650E-11,-3.678E-09) ( 2.658E-11,-7.151E-11)  6.76E-06
  3.600E+01 1.30582E-17  1.183E-02 ( 2.746E-10,-3.602E-09) ( 2.698E-11,-7.256E-11)  7.04E-06
  3.650E+01 1.25914E-17  9.872E-03 ( 4.636E-10,-3.517E-09) ( 2.737E-11,-7.361E-11)  7.31E-06
  3.700E+01 1.21377E-17  7.743E-03 ( 6.432E-10,-3.423E-09) ( 2.775E-11,-7.465E-11)  7.58E-06
  3.750E+01 1.16962E-17  5.445E-03 ( 8.133E-10,-3.321E-09) ( 2.812E-11,-7.568E-11)  7.86E-06
  3.800E+01 1.12664E-17  2.978E-03 ( 9.736E-10,-3.211E-09) ( 2.848E-11,-7.672E-11)  8.13E-06
  3.850E+01 1.08479E-17  3.372E-04 ( 1.124E-09,-3.095E-09) ( 2.883E-11,-7.774E-11)  8.40E-06
  3.900E+01 1.04402E-17 -2.478E-03 ( 1.265E-09,-2.972E-09) ( 2.917E-11,-7.877E-11)  8.67E-06
  3.950E+01 1.00432E-17 -5.469E-03 ( 1.395E-09,-2.844E-09) ( 2.949E-11,-7.979E-11)  8.94E-06
  4.000E+01 9.65661E-18 -8.639E-03 ( 1.516E-09,-2.711E-09) ( 2.980E-11,-8.080E-11)  9.21E-06
  4.050E+01 9.28038E-18 -1.199E-02 ( 1.627E-09,-2.574E-09) ( 3.010E-11,-8.182E-11)  9.48E-06
  4.100E+01 8.91448E-18 -1.552E-02 ( 1.728E-09,-2.434E-09) ( 3.038E-11,-8.283E-11)  9.75E-06
  4.150E+01 8.55891E-18 -1.923E-02 ( 1.818E-09,-2.290E-09) ( 3.064E-11,-8.383E-11)  1.00E-05
  4.200E+01 8.21370E-18 -2.311E-02 ( 1.900E-09,-2.144E-09) ( 3.090E-11,-8.484E-11)  1.03E-05
  4.250E+01 7.87889E-18 -2.718E-02 ( 1.971E-09,-1.996E-09) ( 3.113E-11,-8.585E-11)  1.05E-05
  4.300E+01 7.55454E-18 -3.142E-02 ( 2.033E-09,-1.847E-09) ( 3.135E-11,-8.685E-11)  1.08E-05
  4.350E+01 7.24069E-18 -3.582E-02 ( 2.086E-09,-1.697E-09) ( 3.156E-11,-8.785E-11)  1.11E-05
  4.400E+01 6.93737E-18 -4.039E-02 ( 2.129E-09,-1.547E-09) ( 3.175E-11,-8.885E-11)  1.13E-05
  4.450E+01 6.64463E-18 -4.510E-02 ( 2.164E-09,-1.397E-09) ( 3.192E-11,-8.986E-11)  1.16E-05
  4.500E+01 6.36248E-18 -4.996E-02 ( 2.190E-09,-1.248E-09) ( 3.207E-11,-9.086E-11)  1.18E-05
  4.550E+01 6.09095E-18 -5.494E-02 ( 2.207E-09,-1.100E-09) ( 3.221E-11,-9.186E-11)  1.21E-05
  4.600E+01 5.83006E-18 -6.004E-02 ( 2.216E-09,-9.530E-10) ( 3.233E-11,-9.286E-11)  1.23E-05
  4.650E+01 5.57983E-18 -6.522E-02 ( 2.217E-09,-8.079E-10) ( 3.243E-11,-9.387E-11)  1.26E-05
  4.700E+01 5.34030E-18 -7.046E-02 ( 2.211E-09,-6.650E-10) ( 3.252E-11,-9.487E-11)  1.28E-05
  4.750E+01 5.11151E-18 -7.573E-02 ( 2.197E-09,-5.245E-10) ( 3.258E-11,-9.588E-11)  1.30E-05
  4.800E+01 4.89350E-18 -8.100E-02 ( 2.176E-09,-3.867E-10) ( 3.263E-11,-9.689E-11)  1.32E-05
  4.850E+01 4.68635E-18 -8.622E-02 ( 2.148E-09,-2.520E-10) ( 3.266E-11,-9.790E-11)  1.35E-05
  4.900E+01 4.49012E-18 -9.135E-02 ( 2.113E-09,-1.205E-10) ( 3.267E-11,-9.892E-11)  1.37E-05
  4.950E+01 4.30487E-18 -9.632E-02 ( 2.072E-09, 7.554E-12) ( 3.267E-11,-9.994E-11)  1.38E-05
  5.000E+01 4.13068E-18 -1.011E-01 ( 2.025E-09, 1.319E-10) ( 3.264E-11,-1.010E-10)  1.40E-05
  5.050E+01 3.96758E-18 -1.056E-01 ( 1.973E-09, 2.523E-10) ( 3.260E-11,-1.020E-10)  1.42E-05
  5.100E+01 3.81561E-18 -1.097E-01 ( 1.915E-09, 3.686E-10) ( 3.254E-11,-1.030E-10)  1.43E-05
  5.150E+01 3.67477E-18 -1.134E-01 ( 1.853E-09, 4.806E-10) ( 3.246E-11,-1.040E-10)  1.44E-05
  5.200E+01 3.54503E-18 -1.166E-01 ( 1.785E-09, 5.882E-10) ( 3.237E-11,-1.051E-10)  1.45E-05
  5.250E+01 3.42633E-18 -1.192E-01 ( 1.714E-09, 6.913E-10) ( 3.225E-11,-1.061E-10)  1.45E-05
  5.300E+01 3.31857E-18 -1.211E-01 ( 1.638E-09, 7.897E-10) ( 3.212E-11,-1.072E-10)  1.46E-05
  5.350E+01 3.22160E-18 -1.222E-01 ( 1.558E-09, 8.833E-10) ( 3.197E-11,-1.082E-10)  1.46E-05
  5.400E+01 3.13528E-18 -1.226E-01 ( 1.476E-09, 9.720E-10) ( 3.180E-11,-1.093E-10)  1.46E-05
  5.450E+01 3.05940E-18 -1.220E-01 ( 1.390E-09, 1.056E-09) ( 3.161E-11,-1.103E-10)  1.45E-05
  5.500E+01 2.99375E-18 -1.206E-01 ( 1.301E-09, 1.135E-09) ( 3.141E-11,-1.114E-10)  1.44E-05
  5.550E+01 2.93806E-18 -1.183E-01 ( 1.210E-09, 1.208E-09) ( 3.119E-11,-1.124E-10)  1.43E-05
  5.600E+01 2.89206E-18 -1.150E-01 ( 1.117E-09, 1.277E-09) ( 3.095E-11,-1.135E-10)  1.41E-05
  5.650E+01 2.85546E-18 -1.108E-01 ( 1.022E-09, 1.341E-09) ( 3.070E-11,-1.146E-10)  1.39E-05
  5.700E+01 2.82792E-18 -1.058E-01 ( 9.254E-10, 1.399E-09) ( 3.042E-11,-1.157E-10)  1.37E-05
  5.750E+01 2.80910E-18 -9.996E-02 ( 8.276E-10, 1.452E-09) ( 3.013E-11,-1.168E-10)  1.34E-05
  5.800E+01 2.79864E-18 -9.337E-02 ( 7.287E-10, 1.501E-09) ( 2.983E-11,-1.179E-10)  1.31E-05
  5.850E+01 2.79618E-18 -8.613E-02 ( 6.292E-10, 1.544E-09) ( 2.951E-11,-1.189E-10)  1.28E-05
  5.900E+01 2.80131E-18 -7.832E-02 ( 5.292E-10, 1.583E-09) ( 2.917E-11,-1.200E-10)  1.25E-05
  5.950E+01 2.81362E-18 -7.006E-02 ( 4.290E-10, 1.617E-09) ( 2.882E-11,-1.211E-10)  1.21E-05
  6.000E+01 2.83268E-18 -6.145E-02 ( 3.289E-10, 1.646E-09) ( 2.845E-11,-1.223E-10)  1.18E-05
  6.050E+01 2.85803E-18 -5.258E-02 ( 2.291E-10, 1.670E-09) ( 2.806E-11,-1.234E-10)  1.14E-05
  6.100E+01 2.88918E-18 -4.355E-02 ( 1.299E-10, 1.690E-09) ( 2.767E-11,-1.245E-10)  1.10E-05
  6.150E+01 2.92563E-18 -3.446E-02 ( 3.138E-11, 1.705E-09) ( 2.725E-11,-1.256E-10)  1.05E-05
  6.200E+01 2.96686E-18 -2.539E-02 (-6.611E-11, 1.716E-09) ( 2.682E-11,-1.267E-10)  1.01E-05
  6.250E+01 3.01231E-18 -1.640E-02 (-1.624E-10, 1.723E-09) ( 2.638E-11,-1.278E-10)  9.68E-06
  6.300E+01 3.06142E-18 -7.549E-03 (-2.573E-10, 1.726E-09) ( 2.592E-11,-1.290E-10)  9.25E-06
  6.350E+01 3.11363E-18  1.104E-03 (-3.506E-10, 1.724E-09) ( 2.545E-11,-1.301E-10)  8.81E-06
  6.400E+01 3.16832E-18  9.524E-03 (-4.421E-10, 1.719E-09) ( 2.497E-11,-1.312E-10)  8.38E-06
  6.450E+01 3.22492E-18  1.768E-02 (-5.316E-10, 1.710E-09) ( 2.447E-11,-1.324E-10)  7.95E-06
  6.500E+01 3.28283E-18  2.556E-02 (-6.190E-10, 1.697E-09) ( 2.396E-11,-1.335E-10)  7.52E-06
  6.550E+01 3.34146E-18  3.315E-02 (-7.042E-10, 1.681E-09) ( 2.344E-11,-1.346E-10)  7.10E-06
  6.600E+01 3.40022E-18  4.044E-02 (-7.869E-10, 1.662E-09) ( 2.290E-11,-1.358E-10)  6.69E-06
  6.650E+01 3.45855E-18  4.744E-02 (-8.670E-10, 1.639E-09) ( 2.236E-11,-1.369E-10)  6.28E-06
  6.700E+01 3.51587E-18  5.414E-02 (-9.445E-10, 1.614E-09) ( 2.180E-11,-1.380E-10)  5.87E-06
  6.750E+01 3.57165E-18  6.057E-02 (-1.019E-09, 1.585E-09) ( 2.123E-11,-1.392E-10)  5.48E-06
  6.800E+01 3.62536E-18  6.672E-02 (-1.091E-09, 1.554E-09) ( 2.064E-11,-1.403E-10)  5.09E-06
  6.850E+01 3.67653E-18  7.261E-02 (-1.159E-09, 1.521E-09) ( 2.005E-11,-1.414E-10)  4.70E-06
  6.900E+01 3.72467E-18  7.826E-02 (-1.225E-09, 1.484E-09) ( 1.945E-11,-1.425E-10)  4.33E-06
  6.950E+01 3.76932E-18  8.368E-02 (-1.287E-09, 1.446E-09) ( 1.883E-11,-1.437E-10)  3.96E-06
  7.000E+01 3.81004E-18  8.888E-02 (-1.346E-09, 1.406E-09) ( 1.820E-11,-1.448E-10)  3.60E-06
  7.050E+01 3.84643E-18  9.389E-02 (-1.402E-09, 1.364E-09) ( 1.757E-11,-1.459E-10)  3.24E-06
  7.100E+01 3.87810E-18  9.873E-02 (-1.454E-09, 1.320E-09) ( 1.692E-11,-1.470E-10)  2.89E-06
  7.150E+01 3.90472E-18  1.034E-01 (-1.503E-09, 1.275E-09) ( 1.627E-11,-1.481E-10)  2.54E-06
  7.200E+01 3.92595E-18  1.079E-01 (-1.548E-09, 1.228E-09) ( 1.560E-11,-1.492E-10)  2.20E-06
  7.250E+01 3.94146E-18  1.123E-01 (-1.590E-09, 1.180E-09) ( 1.493E-11,-1.503E-10)  1.87E-06
  7.300E+01 3.95097E-18  1.166E-01 (-1.628E-09, 1.131E-09) ( 1.424E-11,-1.514E-10)  1.54E-06
  7.350E+01 3.95426E-18  1.208E-01 (-1.662E-09, 1.081E-09) ( 1.355E-11,-1.525E-10)  1.21E-06
  7.400E+01 3.95110E-18  1.249E-01 (-1.693E-09, 1.031E-09) ( 1.285E-11,-1.536E-10)  8.86E-07
  7.450E+01 3.94133E-18  1.289E-01 (-1.720E-09, 9.794E-10) ( 1.214E-11,-1.546E-10)  5.64E-07
  7.500E+01 3.92478E-18  1.329E-01 (-1.743E-09, 9.279E-10) ( 1.142E-11,-1.557E-10)  2.45E-07
  7.550E+01 3.90133E-18  1.369E-01 (-1.763E-09, 8.760E-10) ( 1.069E-11,-1.567E-10)  1.00E-07
  7.600E+01 3.87092E-18  1.408E-01 (-1.780E-09, 8.241E-10) ( 9.958E-12,-1.578E-10)  3.89E-07
  7.650E+01 3.83353E-18  1.448E-01 (-1.792E-09, 7.722E-10) ( 9.215E-12,-1.588E-10)  7.06E-07
  7.700E+01 3.78916E-18  1.487E-01 (-1.801E-09, 7.204E-10) ( 8.465E-12,-1.598E-10)  1.02E-06
  7.750E+01 3.73785E-18  1.527E-01 (-1.807E-09, 6.688E-10) ( 7.706E-12,-1.608E-10)  1.34E-06
  7.800E+01 3.67967E-18  1.568E-01 (-1.809E-09, 6.177E-10) ( 6.941E-12,-1.618E-10)  1.66E-06
  7.850E+01 3.61477E-18  1.608E-01 (-1.807E-09, 5.671E-10) ( 6.168E-12,-1.628E-10)  1.98E-06
  7.900E+01 3.54333E-18  1.650E-01 (-1.803E-09, 5.171E-10) ( 5.387E-12,-1.637E-10)  2.31E-06
  7.950E+01 3.46554E-18  1.693E-01 (-1.794E-09, 4.679E-10) ( 4.600E-12,-1.647E-10)  2.64E-06
  8.000E+01 3.38161E-18  1.737E-01 (-1.783E-09, 4.196E-10) ( 3.806E-12,-1.656E-10)  2.97E-06
  8.050E+01 3.29184E-18  1.782E-01 (-1.768E-09, 3.723E-10) ( 3.005E-12,-1.665E-10)  3.31E-06
  8.100E+01 3.19654E-18  1.829E-01 (-1.750E-09, 3.260E-10) ( 2.197E-12,-1.674E-10)  3.66E-06
  8.150E+01 3.09606E-18  1.877E-01 (-1.729E-09, 2.810E-10) ( 1.382E-12,-1.683E-10)  4.02E-06
  8.200E+01 2.99074E-18  1.927E-01 (-1.705E-09, 2.373E-10) ( 5.609E-13,-1.692E-10)  4.39E-06
  8.250E+01 2.88097E-18  1.980E-01 (-1.678E-09, 1.949E-10) (-2.668E-13,-1.700E-10)  4.77E-06
  8.300E+01 2.76720E-18  2.035E-01 (-1.648E-09, 1.540E-10) (-1.101E-12,-1.708E-10)  5.16E-06
  8.350E+01 2.64987E-18  2.093E-01 (-1.615E-09, 1.148E-10) (-1.941E-12,-1.716E-10)  5.56E-06
  8.400E+01 2.52944E-18  2.154E-01 (-1.579E-09, 7.711E-11) (-2.788E-12,-1.724E-10)  5.99E-06
  8.450E+01 2.40638E-18  2.219E-01 (-1.541E-09, 4.119E-11) (-3.640E-12,-1.732E-10)  6.43E-06
  8.500E+01 2.28124E-18  2.288E-01 (-1.500E-09, 7.047E-12) (-4.499E-12,-1.739E-10)  6.89E-06
  8.550E+01 2.15452E-18  2.361E-01 (-1.457E-09,-2.524E-11) (-5.364E-12,-1.746E-10)  7.38E-06
  8.600E+01 2.02674E-18  2.439E-01 (-1.412E-09,-5.563E-11) (-6.235E-12,-1.753E-10)  7.90E-06
  8.650E+01 1.89848E-18  2.522E-01 (-1.364E-09,-8.406E-11) (-7.112E-12,-1.760E-10)  8.45E-06
  8.700E+01 1.77030E-18  2.612E-01 (-1.314E-09,-1.105E-10) (-7.994E-12,-1.766E-10)  9.04E-06
  8.750E+01 1.64277E-18  2.709E-01 (-1.262E-09,-1.349E-10) (-8.882E-12,-1.772E-10)  9.67E-06
  8.800E+01 1.51645E-18  2.814E-01 (-1.208E-09,-1.572E-10) (-9.776E-12,-1.778E-10)  1.03E-05
  8.850E+01 1.39193E-18  2.927E-01 (-1.153E-09,-1.775E-10) (-1.068E-11,-1.784E-10)  1.11E-05
  8.900E+01 1.26980E-18  3.051E-01 (-1.095E-09,-1.956E-10) (-1.158E-11,-1.789E-10)  1.19E-05
  8.950E+01 1.15062E-18  3.186E-01 (-1.036E-09,-2.115E-10) (-1.249E-11,-1.795E-10)  1.28E-05
  9.000E+01 1.03496E-18  3.334E-01 (-9.755E-10,-2.253E-10) (-1.341E-11,-1.800E-10)  1.37E-05
  9.050E+01 9.23418E-19  3.496E-01 (-9.135E-10,-2.370E-10) (-1.433E-11,-1.804E-10)  1.48E-05
  9.100E+01 8.16524E-19  3.674E-01 (-8.502E-10,-2.465E-10) (-1.526E-11,-1.808E-10)  1.60E-05
  9.150E+01 7.14815E-19  3.869E-01 (-7.857E-10,-2.538E-10) (-1.619E-11,-1.813E-10)  1.73E-05
  9.200E+01 6.18829E-19  4.083E-01 (-7.201E-10,-2.590E-10) (-1.713E-11,-1.816E-10)  1.89E-05
  9.250E+01 5.29075E-19  4.316E-01 (-6.534E-10,-2.620E-10) (-1.807E-11,-1.820E-10)  2.06E-05
  9.300E+01 4.46030E-19  4.565E-01 (-5.860E-10,-2.629E-10) (-1.902E-11,-1.823E-10)  2.26E-05
  9.350E+01 3.70161E-19  4.825E-01 (-5.177E-10,-2.616E-10) (-1.997E-11,-1.826E-10)  2.49E-05
  9.400E+01 3.01916E-19  5.077E-01 (-4.487E-10,-2.582E-10) (-2.093E-11,-1.828E-10)  2.76E-05
  9.450E+01 2.41696E-19  5.287E-01 (-3.792E-10,-2.528E-10) (-2.189E-11,-1.831E-10)  3.06E-05
  9.500E+01 1.89885E-19  5.378E-01 (-3.092E-10,-2.453E-10) (-2.286E-11,-1.833E-10)  3.41E-05
  9.550E+01 1.46842E-19  5.203E-01 (-2.389E-10,-2.357E-10) (-2.384E-11,-1.834E-10)  3.78E-05
  9.600E+01 1.12880E-19  4.487E-01 (-1.683E-10,-2.242E-10) (-2.481E-11,-1.836E-10)  4.14E-05
  9.650E+01 8.82861E-20  2.826E-01 (-9.750E-11,-2.107E-10) (-2.580E-11,-1.837E-10)  4.41E-05
  9.700E+01 7.33118E-20 -9.039E-03 (-2.666E-11,-1.953E-10) (-2.678E-11,-1.837E-10)  4.53E-05
  9.750E+01 6.81689E-20 -3.831E-01 ( 4.415E-11,-1.780E-10) (-2.777E-11,-1.838E-10)  4.55E-05
  9.800E+01 7.30342E-20 -7.032E-01 ( 1.149E-10,-1.589E-10) (-2.877E-11,-1.838E-10)  4.56E-05
  9.850E+01 8.80421E-20 -8.669E-01 ( 1.853E-10,-1.380E-10) (-2.977E-11,-1.837E-10)  4.47E-05
  9.900E+01 1.13291E-19 -8.912E-01 ( 2.555E-10,-1.154E-10) (-3.077E-11,-1.837E-10)  4.22E-05
  9.950E+01 1.48838E-19 -8.414E-01 ( 3.253E-10,-9.121E-11) (-3.178E-11,-1.836E-10)  3.88E-05
  1.000E+02 1.94691E-19 -7.657E-01 ( 3.946E-10,-6.539E-11) (-3.279E-11,-1.835E-10)  3.51E-05
  1.005E+02 2.50829E-19 -6.874E-01 ( 4.633E-10,-3.805E-11) (-3.381E-11,-1.833E-10)  3.16E-05
  1.010E+02 3.17180E-19 -6.156E-01 ( 5.314E-10,-9.255E-12) (-3.483E-11,-1.831E-10)  2.85E-05
  1.015E+02 3.93624E-19 -5.526E-01 ( 5.987E-10, 2.092E-11) (-3.585E-11,-1.829E-10)  2.58E-05
  1.020E+02 4.80017E-19 -4.982E-01 ( 6.652E-10, 5.241E-11) (-3.687E-11,-1.826E-10)  2.35E-05
  1.025E+02 5.76153E-19 -4.515E-01 ( 7.309E-10, 8.513E-11) (-3.790E-11,-1.824E-10)  2.15E-05
  1.030E+02 6.81789E-19 -4.113E-01 ( 7.956E-10, 1.190E-10) (-3.893E-11,-1.820E-10)  1.98E-05
  1.035E+02 7.96655E-19 -3.765E-01 ( 8.593E-10, 1.540E-10) (-3.996E-11,-1.817E-10)  1.82E-05
  1.040E+02 9.20412E-19 -3.462E-01 ( 9.218E-10, 1.899E-10) (-4.100E-11,-1.813E-10)  1.69E-05
  1.045E+02 1.05271E-18 -3.198E-01 ( 9.833E-10, 2.268E-10) (-4.204E-11,-1.809E-10)  1.57E-05
  1.050E+02 1.19315E-18 -2.965E-01 ( 1.043E-09, 2.644E-10) (-4.308E-11,-1.804E-10)  1.47E-05
  1.055E+02 1.34127E-18 -2.759E-01 ( 1.102E-09, 3.029E-10) (-4.412E-11,-1.799E-10)  1.37E-05
  1.060E+02 1.49662E-18 -2.575E-01 ( 1.160E-09, 3.420E-10) (-4.516E-11,-1.794E-10)  1.29E-05
  1.065E+02 1.65868E-18 -2.410E-01 ( 1.216E-09, 3.816E-10) (-4.621E-11,-1.789E-10)  1.21E-05
  1.070E+02 1.82691E-18 -2.262E-01 ( 1.271E-09, 4.218E-10) (-4.725E-11,-1.783E-10)  1.14E-05
  1.075E+02 2.00075E-18 -2.129E-01 ( 1.324E-09, 4.623E-10) (-4.830E-11,-1.777E-10)  1.08E-05
  1.080E+02 2.17958E-18 -2.007E-01 ( 1.376E-09, 5.031E-10) (-4.934E-11,-1.771E-10)  1.02E-05
  1.085E+02 2.36280E-18 -1.897E-01 ( 1.426E-09, 5.442E-10) (-5.039E-11,-1.764E-10)  9.61E-06
  1.090E+02 2.54974E-18 -1.795E-01 ( 1.474E-09, 5.854E-10) (-5.144E-11,-1.757E-10)  9.11E-06
  1.095E+02 2.73973E-18 -1.702E-01 ( 1.521E-09, 6.267E-10) (-5.248E-11,-1.749E-10)  8.64E-06
  1.100E+02 2.93210E-18 -1.617E-01 ( 1.566E-09, 6.679E-10) (-5.353E-11,-1.742E-10)  8.20E-06
  1.105E+02 3.12612E-18 -1.538E-01 ( 1.610E-09, 7.089E-10) (-5.457E-11,-1.734E-10)  7.79E-06
  1.110E+02 3.32111E-18 -1.465E-01 ( 1.651E-09, 7.498E-10) (-5.561E-11,-1.726E-10)  7.40E-06
  1.115E+02 3.51629E-18 -1.397E-01 ( 1.691E-09, 7.903E-10) (-5.665E-11,-1.717E-10)  7.04E-06
  1.120E+02 3.71098E-18 -1.334E-01 ( 1.729E-09, 8.305E-10) (-5.769E-11,-1.708E-10)  6.69E-06
  1.125E+02 3.90439E-18 -1.274E-01 ( 1.765E-09, 8.702E-10) (-5.872E-11,-1.699E-10)  6.37E-06
  1.130E+02 4.09581E-18 -1.219E-01 ( 1.799E-09, 9.093E-10) (-5.975E-11,-1.690E-10)  6.06E-06
  1.135E+02 4.28448E-18 -1.168E-01 ( 1.831E-09, 9.477E-10) (-6.078E-11,-1.680E-10)  5.77E-06
  1.140E+02 4.46966E-18 -1.119E-01 ( 1.862E-09, 9.855E-10) (-6.180E-11,-1.670E-10)  5.49E-06
  1.145E+02 4.65065E-18 -1.074E-01 ( 1.890E-09, 1.022E-09) (-6.282E-11,-1.660E-10)  5.22E-06
  1.150E+02 4.82668E-18 -1.031E-01 ( 1.917E-09, 1.058E-09) (-6.384E-11,-1.650E-10)  4.96E-06
  1.155E+02 4.99708E-18 -9.901E-02 ( 1.942E-09, 1.093E-09) (-6.484E-11,-1.639E-10)  4.71E-06
  1.160E+02 5.16113E-18 -9.518E-02 ( 1.965E-09, 1.127E-09) (-6.585E-11,-1.628E-10)  4.48E-06
  1.165E+02 5.31818E-18 -9.156E-02 ( 1.985E-09, 1.160E-09) (-6.684E-11,-1.617E-10)  4.25E-06
  1.170E+02 5.46755E-18 -8.814E-02 ( 2.004E-09, 1.192E-09) (-6.783E-11,-1.606E-10)  4.03E-06
  1.175E+02 5.60864E-18 -8.489E-02 ( 2.021E-09, 1.222E-09) (-6.882E-11,-1.594E-10)  3.81E-06
  1.180E+02 5.74082E-18 -8.181E-02 ( 2.036E-09, 1.251E-09) (-6.979E-11,-1.582E-10)  3.61E-06
  1.185E+02 5.86355E-18 -7.888E-02 ( 2.049E-09, 1.278E-09) (-7.076E-11,-1.570E-10)  3.40E-06
  1.190E+02 5.97626E-18 -7.609E-02 ( 2.060E-09, 1.304E-09) (-7.171E-11,-1.558E-10)  3.21E-06
  1.195E+02 6.07848E-18 -7.344E-02 ( 2.070E-09, 1.329E-09) (-7.266E-11,-1.545E-10)  3.02E-06
  1.200E+02 6.16972E-18 -7.092E-02 ( 2.077E-09, 1.352E-09) (-7.360E-11,-1.532E-10)  2.83E-06
  1.205E+02 6.24957E-18 -6.852E-02 ( 2.082E-09, 1.373E-09) (-7.453E-11,-1.519E-10)  2.65E-06
  1.210E+02 6.31763E-18 -6.623E-02 ( 2.086E-09, 1.392E-09) (-7.545E-11,-1.506E-10)  2.47E-06
  1.215E+02 6.37360E-18 -6.404E-02 ( 2.088E-09, 1.409E-09) (-7.635E-11,-1.493E-10)  2.29E-06
  1.220E+02 6.41715E-18 -6.196E-02 ( 2.088E-09, 1.425E-09) (-7.725E-11,-1.479E-10)  2.12E-06
  1.225E+02 6.44807E-18 -5.997E-02 ( 2.086E-09, 1.439E-09) (-7.813E-11,-1.466E-10)  1.95E-06
  1.230E+02 6.46614E-18 -5.807E-02 ( 2.082E-09, 1.450E-09) (-7.900E-11,-1.452E-10)  1.78E-06
  1.235E+02 6.47125E-18 -5.627E-02 ( 2.077E-09, 1.460E-09) (-7.985E-11,-1.438E-10)  1.62E-06
  1.240E+02 6.46328E-18 -5.454E-02 ( 2.070E-09, 1.467E-09) (-8.069E-11,-1.424E-10)  1.45E-06
  1.245E+02 6.44224E-18 -5.290E-02 ( 2.061E-09, 1.473E-09) (-8.151E-11,-1.409E-10)  1.29E-06
  1.250E+02 6.40810E-18 -5.134E-02 ( 2.050E-09, 1.476E-09) (-8.232E-11,-1.395E-10)  1.12E-06
  1.255E+02 6.36098E-18 -4.986E-02 ( 2.038E-09, 1.477E-09) (-8.312E-11,-1.380E-10)  9.63E-07
  1.260E+02 6.30097E-18 -4.845E-02 ( 2.024E-09, 1.476E-09) (-8.389E-11,-1.366E-10)  8.01E-07
  1.265E+02 6.22830E-18 -4.712E-02 ( 2.009E-09, 1.472E-09) (-8.465E-11,-1.351E-10)  6.39E-07
  1.270E+02 6.14319E-18 -4.586E-02 ( 1.992E-09, 1.466E-09) (-8.540E-11,-1.336E-10)  4.76E-07
  1.275E+02 6.04594E-18 -4.468E-02 ( 1.973E-09, 1.458E-09) (-8.612E-11,-1.321E-10)  3.13E-07
  1.280E+02 5.93691E-18 -4.358E-02 ( 1.953E-09, 1.448E-09) (-8.682E-11,-1.306E-10)  1.48E-07
  1.285E+02 5.81650E-18 -4.255E-02 ( 1.932E-09, 1.435E-09) (-8.751E-11,-1.290E-10)  1.00E-07
  1.290E+02 5.68519E-18 -4.161E-02 ( 1.909E-09, 1.420E-09) (-8.817E-11,-1.275E-10)  1.86E-07
  1.295E+02 5.54347E-18 -4.074E-02 ( 1.885E-09, 1.402E-09) (-8.882E-11,-1.260E-10)  3.57E-07
  1.300E+02 5.39193E-18 -3.997E-02 ( 1.860E-09, 1.382E-09) (-8.944E-11,-1.244E-10)  5.30E-07
  1.305E+02 5.23116E-18 -3.929E-02 ( 1.833E-09, 1.360E-09) (-9.004E-11,-1.229E-10)  7.07E-07
  1.310E+02 5.06185E-18 -3.871E-02 ( 1.805E-09, 1.335E-09) (-9.062E-11,-1.213E-10)  8.88E-07
  1.315E+02 4.88471E-18 -3.823E-02 ( 1.776E-09, 1.307E-09) (-9.117E-11,-1.197E-10)  1.07E-06
  1.320E+02 4.70047E-18 -3.788E-02 ( 1.745E-09, 1.278E-09) (-9.170E-11,-1.181E-10)  1.26E-06
  1.325E+02 4.50996E-18 -3.766E-02 ( 1.714E-09, 1.245E-09) (-9.221E-11,-1.166E-10)  1.46E-06
  1.330E+02 4.31398E-18 -3.758E-02 ( 1.681E-09, 1.211E-09) (-9.269E-11,-1.150E-10)  1.66E-06
  1.335E+02 4.11345E-18 -3.766E-02 ( 1.647E-09, 1.174E-09) (-9.315E-11,-1.134E-10)  1.87E-06
  1.340E+02 3.90925E-18 -3.794E-02 ( 1.613E-09, 1.134E-09) (-9.358E-11,-1.118E-10)  2.09E-06
  1.345E+02 3.70233E-18 -3.843E-02 ( 1.577E-09, 1.093E-09) (-9.398E-11,-1.102E-10)  2.32E-06
  1.350E+02 3.49367E-18 -3.916E-02 ( 1.541E-09, 1.049E-09) (-9.436E-11,-1.086E-10)  2.56E-06
  1.355E+02 3.28425E-18 -4.018E-02 ( 1.503E-09, 1.002E-09) (-9.471E-11,-1.070E-10)  2.82E-06
  1.360E+02 3.07510E-18 -4.154E-02 ( 1.465E-09, 9.532E-10) (-9.504E-11,-1.054E-10)  3.09E-06
  1.365E+02 2.86726E-18 -4.331E-02 ( 1.426E-09, 9.021E-10) (-9.533E-11,-1.038E-10)  3.37E-06
  1.370E+02 2.66178E-18 -4.554E-02 ( 1.386E-09, 8.487E-10) (-9.559E-11,-1.022E-10)  3.67E-06
  1.375E+02 2.45974E-18 -4.835E-02 ( 1.346E-09, 7.932E-10) (-9.583E-11,-1.007E-10)  3.99E-06
  1.380E+02 2.26220E-18 -5.185E-02 ( 1.305E-09, 7.354E-10) (-9.604E-11,-9.907E-11)  4.34E-06
  1.385E+02 2.07025E-18 -5.618E-02 ( 1.263E-09, 6.754E-10) (-9.621E-11,-9.749E-11)  4.71E-06
  1.390E+02 1.88497E-18 -6.152E-02 ( 1.221E-09, 6.133E-10) (-9.636E-11,-9.591E-11)  5.11E-06
  1.395E+02 1.70745E-18 -6.810E-02 ( 1.178E-09, 5.492E-10) (-9.647E-11,-9.433E-11)  5.54E-06
  1.400E+02 1.53875E-18 -7.619E-02 ( 1.135E-09, 4.830E-10) (-9.655E-11,-9.275E-11)  6.01E-06
  1.405E+02 1.37995E-18 -8.611E-02 ( 1.091E-09, 4.148E-10) (-9.660E-11,-9.118E-11)  6.52E-06
  1.410E+02 1.23208E-18 -9.824E-02 ( 1.047E-09, 3.447E-10) (-9.662E-11,-8.962E-11)  7.07E-06
  1.415E+02 1.09618E-18 -1.130E-01 ( 1.002E-09, 2.726E-10) (-9.660E-11,-8.806E-11)  7.66E-06
  1.420E+02 9.73278E-19 -1.308E-01 ( 9.576E-10, 1.988E-10) (-9.655E-11,-8.651E-11)  8.29E-06
  1.425E+02 8.64338E-19 -1.519E-01 ( 9.125E-10, 1.232E-10) (-9.647E-11,-8.497E-11)  8.96E-06
  1.430E+02 7.70323E-19 -1.764E-01 ( 8.672E-10, 4.583E-11) (-9.636E-11,-8.343E-11)  9.64E-06
  1.435E+02 6.92162E-19 -2.037E-01 ( 8.216E-10,-3.317E-11) (-9.621E-11,-8.190E-11)  1.03E-05
  1.440E+02 6.30735E-19 -2.324E-01 ( 7.760E-10,-1.138E-10) (-9.602E-11,-8.038E-11)  1.09E-05
  1.445E+02 5.86889E-19 -2.602E-01 ( 7.301E-10,-1.959E-10) (-9.580E-11,-7.886E-11)  1.15E-05
  1.450E+02 5.61436E-19 -2.837E-01 ( 6.842E-10,-2.795E-10) (-9.555E-11,-7.736E-11)  1.18E-05
  1.455E+02 5.55127E-19 -2.996E-01 ( 6.383E-10,-3.645E-10) (-9.526E-11,-7.586E-11)  1.20E-05
  1.460E+02 5.68669E-19 -3.055E-01 ( 5.923E-10,-4.509E-10) (-9.494E-11,-7.438E-11)  1.19E-05
  1.465E+02 6.02722E-19 -3.012E-01 ( 5.464E-10,-5.384E-10) (-9.458E-11,-7.290E-11)  1.17E-05
  1.470E+02 6.57885E-19 -2.883E-01 ( 5.005E-10,-6.272E-10) (-9.418E-11,-7.143E-11)  1.12E-05
  1.475E+02 7.34695E-19 -2.696E-01 ( 4.547E-10,-7.171E-10) (-9.375E-11,-6.998E-11)  1.06E-05
  1.480E+02 8.33636E-19 -2.481E-01 ( 4.090E-10,-8.080E-10) (-9.328E-11,-6.853E-11)  1.00E-05
  1.485E+02 9.55129E-19 -2.259E-01 ( 3.635E-10,-8.999E-10) (-9.278E-11,-6.710E-11)  9.34E-06
  1.490E+02 1.09952E-18 -2.046E-01 ( 3.182E-10,-9.927E-10) (-9.224E-11,-6.568E-11)  8.68E-06
  1.495E+02 1.26710E-18 -1.849E-01 ( 2.730E-10,-1.086E-09) (-9.166E-11,-6.426E-11)  8.05E-06
  1.500E+02 1.45808E-18 -1.671E-01 ( 2.282E-10,-1.181E-09) (-9.105E-11,-6.286E-11)  7.45E-06
  1.505E+02 1.67262E-18 -1.514E-01 ( 1.836E-10,-1.276E-09) (-9.041E-11,-6.148E-11)  6.90E-06
  1.510E+02 1.91078E-18 -1.375E-01 ( 1.393E-10,-1.371E-09) (-8.972E-11,-6.010E-11)  6.39E-06
  1.515E+02 2.17256E-18 -1.253E-01 ( 9.530E-11,-1.467E-09) (-8.900E-11,-5.874E-11)  5.91E-06
  1.520E+02 2.45790E-18 -1.147E-01 ( 5.170E-11,-1.563E-09) (-8.825E-11,-5.739E-11)  5.48E-06
  1.525E+02 2.76666E-18 -1.053E-01 ( 8.481E-12,-1.660E-09) (-8.745E-11,-5.605E-11)  5.07E-06
  1.530E+02 3.09860E-18 -9.702E-02 (-3.432E-11,-1.757E-09) (-8.662E-11,-5.473E-11)  4.70E-06
  1.535E+02 3.45344E-18 -8.971E-02 (-7.669E-11,-1.854E-09) (-8.576E-11,-5.341E-11)  4.35E-06
  1.540E+02 3.83081E-18 -8.322E-02 (-1.186E-10,-1.951E-09) (-8.486E-11,-5.211E-11)  4.03E-06
  1.545E+02 4.23027E-18 -7.742E-02 (-1.600E-10,-2.048E-09) (-8.392E-11,-5.083E-11)  3.73E-06
  1.550E+02 4.65130E-18 -7.223E-02 (-2.009E-10,-2.145E-09) (-8.295E-11,-4.956E-11)  3.45E-06
  1.555E+02 5.09331E-18 -6.756E-02 (-2.413E-10,-2.242E-09) (-8.195E-11,-4.830E-11)  3.18E-06
  1.560E+02 5.55565E-18 -6.334E-02 (-2.812E-10,-2.338E-09) (-8.091E-11,-4.705E-11)  2.93E-06
  1.565E+02 6.03758E-18 -5.951E-02 (-3.205E-10,-2.434E-09) (-7.983E-11,-4.582E-11)  2.70E-06
  1.570E+02 6.53832E-18 -5.603E-02 (-3.591E-10,-2.530E-09) (-7.872E-11,-4.460E-11)  2.47E-06
  1.575E+02 7.05699E-18 -5.283E-02 (-3.972E-10,-2.625E-09) (-7.758E-11,-4.339E-11)  2.25E-06
  1.580E+02 7.59267E-18 -4.990E-02 (-4.347E-10,-2.720E-09) (-7.640E-11,-4.220E-11)  2.05E-06
  1.585E+02 8.14436E-18 -4.720E-02 (-4.715E-10,-2.813E-09) (-7.519E-11,-4.102E-11)  1.85E-06
  1.590E+02 8.71103E-18 -4.470E-02 (-5.076E-10,-2.906E-09) (-7.395E-11,-3.985E-11)  1.66E-06
  1.595E+02 9.29157E-18 -4.238E-02 (-5.431E-10,-2.998E-09) (-7.267E-11,-3.870E-11)  1.47E-06
  1.600E+02 9.88481E-18 -4.022E-02 (-5.779E-10,-3.089E-09) (-7.136E-11,-3.756E-11)  1.29E-06
  1.605E+02 1.04895E-17 -3.820E-02 (-6.120E-10,-3.179E-09) (-7.002E-11,-3.643E-11)  1.12E-06
  1.610E+02 1.11045E-17 -3.631E-02 (-6.454E-10,-3.268E-09) (-6.865E-11,-3.531E-11)  9.45E-07
  1.615E+02 1.17284E-17 -3.453E-02 (-6.780E-10,-3.356E-09) (-6.725E-11,-3.421E-11)  7.77E-07
  1.620E+02 1.23600E-17 -3.286E-02 (-7.099E-10,-3.442E-09) (-6.582E-11,-3.312E-11)  6.13E-07
  1.625E+02 1.29977E-17 -3.128E-02 (-7.410E-10,-3.528E-09) (-6.435E-11,-3.204E-11)  4.50E-07
  1.630E+02 1.36402E-17 -2.978E-02 (-7.714E-10,-3.611E-09) (-6.286E-11,-3.098E-11)  2.90E-07
  1.635E+02 1.42861E-17 -2.836E-02 (-8.010E-10,-3.693E-09) (-6.134E-11,-2.992E-11)  1.31E-07
  1.640E+02 1.49339E-17 -2.701E-02 (-8.298E-10,-3.774E-09) (-5.980E-11,-2.888E-11)  1.00E-07
  1.645E+02 1.55822E-17 -2.572E-02 (-8.578E-10,-3.853E-09) (-5.822E-11,-2.785E-11)  1.85E-07
  1.650E+02 1.62293E-17 -2.449E-02 (-8.850E-10,-3.930E-09) (-5.662E-11,-2.683E-11)  3.42E-07
  1.655E+02 1.68739E-17 -2.332E-02 (-9.113E-10,-4.005E-09) (-5.499E-11,-2.583E-11)  5.01E-07
  1.660E+02 1.75144E-17 -2.219E-02 (-9.369E-10,-4.078E-09) (-5.334E-11,-2.483E-11)  6.60E-07
  1.665E+02 1.81492E-17 -2.110E-02 (-9.616E-10,-4.150E-09) (-5.166E-11,-2.384E-11)  8.20E-07
  1.670E+02 1.87769E-17 -2.005E-02 (-9.854E-10,-4.219E-09) (-4.996E-11,-2.287E-11)  9.83E-07
  1.675E+02 1.93959E-17 -1.904E-02 (-1.008E-09,-4.287E-09) (-4.824E-11,-2.190E-11)  1.15E-06
  1.680E+02 2.00048E-17 -1.807E-02 (-1.031E-09,-4.352E-09) (-4.649E-11,-2.094E-11)  1.32E-06
  1.685E+02 2.06020E-17 -1.713E-02 (-1.052E-09,-4.415E-09) (-4.472E-11,-2.000E-11)  1.49E-06
  1.690E+02 2.11861E-17 -1.621E-02 (-1.072E-09,-4.476E-09) (-4.293E-11,-1.906E-11)  1.67E-06
  1.695E+02 2.17557E-17 -1.532E-02 (-1.092E-09,-4.534E-09) (-4.112E-11,-1.813E-11)  1.85E-06
  1.700E+02 2.23093E-17 -1.446E-02 (-1.111E-09,-4.591E-09) (-3.929E-11,-1.721E-11)  2.04E-06
  1.705E+02 2.28456E-17 -1.361E-02 (-1.128E-09,-4.644E-09) (-3.744E-11,-1.630E-11)  2.24E-06
  1.710E+02 2.33632E-17 -1.279E-02 (-1.145E-09,-4.696E-09) (-3.558E-11,-1.539E-11)  2.44E-06
  1.715E+02 2.38608E-17 -1.199E-02 (-1.161E-09,-4.745E-09) (-3.370E-11,-1.450E-11)  2.66E-06
  1.720E+02 2.43372E-17 -1.120E-02 (-1.176E-09,-4.791E-09) (-3.180E-11,-1.361E-11)  2.89E-06
  1.725E+02 2.47912E-17 -1.043E-02 (-1.191E-09,-4.835E-09) (-2.988E-11,-1.272E-11)  3.13E-06
  1.730E+02 2.52216E-17 -9.678E-03 (-1.204E-09,-4.876E-09) (-2.796E-11,-1.185E-11)  3.39E-06
  1.735E+02 2.56273E-17 -8.935E-03 (-1.216E-09,-4.914E-09) (-2.602E-11,-1.098E-11)  3.68E-06
  1.740E+02 2.60072E-17 -8.205E-03 (-1.228E-09,-4.950E-09) (-2.406E-11,-1.011E-11)  3.98E-06
  1.745E+02 2.63605E-17 -7.485E-03 (-1.238E-09,-4.983E-09) (-2.210E-11,-9.249E-12)  4.32E-06
  1.750E+02 2.66862E-17 -6.775E-03 (-1.248E-09,-5.013E-09) (-2.012E-11,-8.393E-12)  4.70E-06
  1.755E+02 2.69835E-17 -6.074E-03 (-1.257E-09,-5.040E-09) (-1.814E-11,-7.542E-12)  5.12E-06
  1.760E+02 2.72516E-17 -5.380E-03 (-1.265E-09,-5.065E-09) (-1.615E-11,-6.694E-12)  5.61E-06
  1.765E+02 2.74898E-17 -4.693E-03 (-1.272E-09,-5.086E-09) (-1.414E-11,-5.850E-12)  6.19E-06
  1.770E+02 2.76975E-17 -4.012E-03 (-1.278E-09,-5.105E-09) (-1.214E-11,-5.008E-12)  6.88E-06
  1.775E+02 2.78741E-17 -3.336E-03 (-1.283E-09,-5.121E-09) (-1.012E-11,-4.170E-12)  7.75E-06
  1.780E+02 2.80193E-17 -2.664E-03 (-1.287E-09,-5.135E-09) (-8.104E-12,-3.333E-12)  8.90E-06
  1.785E+02 2.81326E-17 -1.995E-03 (-1.290E-09,-5.145E-09) (-6.081E-12,-2.498E-12)  1.05E-05
  1.790E+02 2.82137E-17 -1.329E-03 (-1.292E-09,-5.152E-09) (-4.056E-12,-1.665E-12)  1.32E-05
  1.795E+02 2.82625E-17 -6.639E-04 (-1.294E-09,-5.156E-09) (-2.028E-12,-8.322E-13)  1.89E-05
  1.800E+02 2.82789E-17 -9.315E-18 (-1.294E-09,-5.158E-09) (-2.847E-26,-1.168E-26)  8.76E-05

  Total elastic cross section = 2.474838E-16 cm**2
               From DCS table = 2.474692E-16  (Rel. dif. = 5.87E-05)

  1ST transport cross section = 5.540753E-17 cm**2
               From DCS table = 5.540050E-17  (REL. DIF. = 1.27E-04)

  2ND transport cross section = 5.079587E-17 cm**2

    Grand total cross section = 3.410947E-16 cm**2
     Absorption cross section = 9.361092E-17 cm**2

  **** DPWAI0 ended ************************************************************

